l_05-31_06-02_25_954,2,187.006635163256,25
l_04-22_04-24_17_592,3,184.0007053233,17
l_06-15_06-17_28_1451,3,554.011069079832,28
l_03-20_03-24_6_370,1,147.001568903332,6
l_03-01_03-03_1_55,1,73.0022960866399,1
l_05-24_05-25_23_845,3,67.0154358232394,23
l_03-10_03-12_2_128,2,88.9979227400036,2
l_06-15_06-17_28_1476,3,82.0000860733271,28
l_05-24_05-25_23_846,3,296.973068486797,23
l_03-01_03-03_1_48,1,269.00072137662,1
l_06-12_06-14_27_1288,3,73.0942939393572,27
l_05-09_05-10_22_786,3,290.005231119925,22
l_06-12_06-14_27_1224,2,316.001624349956,27
l_03-10_03-12_2_150,1,253.960072433547,2
l_03-10_03-12_2_171,2,50.9588105935836,2
l_05-31_06-02_25_978,3,147.979546076793,25
l_03-10_03-12_2_117,2,160.966242960203,2
l_04-10_04-11_10_527,1,343.0069940299,10
l_05-31_06-02_25_951,3,323.955438703575,25
l_05-09_05-10_22_774,1,153.998405593316,22
l_06-15_06-17_28_1404,3,533.010559243179,28
l_05-31_06-02_25_932,3,261.999884779958,25
l_03-10_03-12_2_125,3,99.9976660000029,2
l_06-12_06-14_27_1166,3,68.0034127632971,27
l_04-22_04-24_18_647,3,171.000008766641,18
l_07-30_08-02_35_1615,1,298.00204446994,35
l_03-10_03-12_2_99,3,216.976935640123,2
l_06-15_06-17_28_1459,3,153.996405639977,28
l_03-20_03-24_6_366,3,78.9981561399763,6
l_03-20_03-24_5_313,3,33.9992064399994,5
l_07-30_08-02_35_1675,3,193.005495146586,35
l_05-24_05-25_23_851,3,49.9938331166923,23
l_03-20_03-24_6_337,2,221.000841719972,6
l_06-03_06-05_26_1090,3,105.025548646488,26
l_04-10_04-11_10_542,1,68.0024127866345,10
l_06-03_06-05_26_1044,2,21.9994865199988,26
l_03-10_03-12_2_139,1,36.9991364200105,2
l_06-03_06-05_26_1055,3,182.965729480202,26
l_03-13_03-16_4_285,3,183.985705673462,4
l_06-03_06-05_26_1135,3,245.979258710082,26
l_03-01_03-03_1_15,3,60.00459945996,1
l_03-10_03-12_2_131,2,125.001082406641,2
l_05-09_05-10_22_731,3,58.0006462333195,22
l_06-15_06-17_28_1465,3,93.0008293099818,28
l_05-31_06-02_25_1012,3,74.9812498968095,25
l_03-13_03-16_4_293,3,362.990527603251,4
l_06-12_06-14_27_1197,1,74.0152724432264,27
l_03-13_03-16_4_264,1,177.004868609976,4
l_04-22_04-24_17_624,3,203.00226181662,17
l_06-03_06-05_26_1068,3,90.0058992132836,26
l_05-09_05-10_22_722,2,220.00686491992,22
l_03-01_03-03_1_62,3,98.0057124932646,1
l_05-31_06-02_25_960,3,74.9892497100518,25
l_07-30_08-02_35_1649,2,227.994678479998,35
l_05-09_05-10_22_736,2,84.9990160766602,22
l_03-13_03-16_4_260,3,315.008647526556,4
l_06-15_06-17_28_1388,3,551.030138656381,28
l_06-15_06-17_28_1369,1,26.0073929732825,28
l_06-12_06-14_27_1318,3,211.009074933245,27
l_04-22_04-24_17_600,3,129.00298899996,17
l_03-20_03-24_6_384,2,482.996726593294,6
l_05-09_05-10_22_705,3,31.99925312,22
l_06-12_06-14_27_1195,2,207.98314556008,27
l_03-20_03-24_5_308,3,113.000362509985,5
l_03-13_03-16_4_295,1,113.997339239984,4
l_03-10_03-12_2_188,2,120.967176560225,2
l_06-03_06-05_26_1026,3,97.0127356698995,26
l_03-10_03-12_2_191,2,60.00159953002,2
l_05-31_06-02_25_1015,3,90.0108990965819,25
l_07-26_07-29_34_1573,3,166.998102173311,34
l_03-01_03-03_1_49,3,111.998385896659,1
l_06-03_06-05_26_1143,2,91.0028759432898,26
l_05-31_06-02_25_923,2,155.977359403463,25
l_07-30_08-02_35_1600,1,78.0151790832242,35
l_03-01_03-03_1_75,3,258.006977976591,1
l_06-15_06-17_28_1439,3,247.019234436491,28
l_07-30_08-02_35_1619,3,261.02090762982,35
l_07-26_07-29_34_1554,3,312.018717313171,34
l_07-30_08-02_35_1676,3,95.9917595000297,35
l_06-12_06-14_27_1198,1,84.0070392299458,27
l_03-20_03-24_5_309,3,82.0010860499751,5
l_03-10_03-12_2_145,3,196.966402696868,2
l_05-24_05-25_23_795,3,167.006101986601,23
l_04-16_04-17_16_560,1,113.999339193317,16
l_03-10_03-12_2_173,3,94.0058058532886,2
l_04-22_04-24_17_593,1,128.99698914,17
l_06-12_06-14_27_1237,3,197.990378796705,27
l_03-01_03-03_1_22,3,27.99934648,1
l_03-01_03-03_1_86,3,54.0047394999419,1
l_06-03_06-05_26_1124,3,63.9825066134799,26
l_06-12_06-14_27_1171,3,37.0151360465607,27
l_05-31_06-02_25_965,1,46.0329255664547,25
l_06-03_06-05_26_1069,1,90.013899026555,26
l_05-24_05-25_23_821,1,139.9767328668,23
l_07-30_08-02_35_1656,3,497.983376796677,35
l_06-12_06-14_27_1279,3,406.019523283147,27
l_03-01_03-03_1_36,3,64.9984829000005,1
l_04-16_04-17_16_569,2,178.998822069974,16
l_05-31_06-02_25_913,3,237.0094680699,25
l_07-30_08-02_35_1688,3,123.01112885325,35
l_06-15_06-17_28_1334,3,69.0013894699805,28
l_03-10_03-12_2_136,3,5.99985996000032,2
l_06-12_06-14_27_1307,3,206.066190302867,27
l_03-10_03-12_2_114,1,164.00017214664,2
l_06-12_06-14_27_1303,3,86.0129924098728,27
l_04-01_04-05_7_423,3,326.01039073988,7
l_05-24_05-25_23_810,3,193.994472063339,23
l_03-20_03-24_6_334,3,33.9992064399994,6
l_06-12_06-14_27_1253,3,93.0398283997056,27
l_03-20_03-24_5_328,3,117.000269149976,5
l_06-15_06-17_28_1393,3,735.994821479919,28
l_05-09_05-10_22_772,3,262.004884663256,22
l_03-10_03-12_2_108,2,76.0092259032535,2
l_06-15_06-17_28_1353,1,195.019448139839,28
l_03-13_03-16_4_246,3,141.009708756552,4
l_03-10_03-12_2_193,3,229.00965478993,2
l_07-30_08-02_35_1670,3,97.961713520257,35
l_06-12_06-14_27_1244,1,81.0001094133186,27
l_06-12_06-14_27_1321,3,116.011292233219,27
l_06-12_06-14_27_1203,3,250.009164649899,27
l_07-30_08-02_35_1635,3,195.008448396562,35
l_05-09_05-10_22_729,3,50.9998096366598,22
l_04-22_04-24_18_629,3,125.001082406641,18
l_05-31_06-02_25_894,3,39.9990663999997,25
l_07-26_07-29_34_1494,3,58.9976229633321,34
l_05-31_06-02_25_1010,3,74.9842498267535,25
l_07-26_07-29_34_1497,3,464.01516963316,34
l_04-22_04-24_18_657,3,294.998114583301,18
l_06-12_06-14_27_1305,3,352.997760839935,27
l_07-26_07-29_34_1552,3,203.000261863301,34
l_03-10_03-12_2_168,3,341.005040756572,2
l_05-31_06-02_25_912,3,191.986518930058,25
l_06-15_06-17_28_1456,2,23.9734404468036,28
l_05-24_05-25_23_849,3,261.000908096612,23
l_06-03_06-05_26_1056,1,143.00566216994,26
l_06-15_06-17_28_1377,3,132.000919026643,28
l_05-31_06-02_25_937,1,154.993382370027,25
l_06-15_06-17_28_1467,2,194.989448840061,28
l_05-24_05-25_23_873,1,164.008171959926,23
l_07-26_07-29_34_1595,3,346.992900996702,34
l_03-10_03-12_2_194,2,162.996195579995,2
l_05-09_05-10_22_764,1,91.0038759199815,22
l_07-30_08-02_35_1628,3,61.0065760732832,35
l_04-16_04-17_16_581,3,83.9980394399972,16
l_06-03_06-05_26_1088,3,208.990122056683,26
l_04-01_04-05_7_412,1,102.9625967969,7
l_03-20_03-24_6_340,3,1.99995332001708,6
l_03-10_03-12_2_111,2,166.997102196663,2
l_03-10_03-12_2_122,3,72.001319449977,2
l_05-24_05-25_23_799,2,116.99426929002,23
l_05-31_06-02_25_993,3,155.995358983375,25
l_05-31_06-02_25_959,3,283.991371486685,25
l_05-31_06-02_25_964,2,273.005627899925,25
l_06-03_06-05_26_1049,3,45.0059495366149,26
l_07-30_08-02_35_1667,3,129.006988906593,35
l_03-20_03-24_6_346,3,150.006498766568,6
l_06-15_06-17_28_1358,2,128.00101238664,28
l_04-16_04-17_16_587,3,35.9991597600019,16
l_03-01_03-03_1_68,3,259.008954589895,1
l_07-30_08-02_35_1646,2,14.9996499000117,35
l_06-15_06-17_28_1382,3,309.012787473199,28
l_06-12_06-14_27_1174,3,175.014915056541,27
l_05-31_06-02_25_989,1,414.972314320126,25
l_05-31_06-02_25_984,1,125.011082173267,25
l_03-20_03-24_6_344,2,85.9999927133322,6
l_04-16_04-17_16_563,3,115.999292513319,16
l_04-10_04-11_10_544,3,132.997895756664,10
l_03-01_03-03_1_45,3,95.00478253662,1
l_03-01_03-03_1_29,3,14.9996498999999,1
l_03-20_03-24_5_320,3,198.006378423255,5
l_07-30_08-02_35_1599,1,418.971220983462,35
l_04-16_04-17_16_590,1,233.996538393316,16
l_06-15_06-17_28_1350,3,338.993087716661,28
l_03-20_03-24_6_364,3,125.963059953559,6
l_07-26_07-29_34_1558,3,101.991619460037,34
l_06-15_06-17_28_1460,3,483.01172624316,28
l_06-12_06-14_27_1313,3,539.960397030169,27
l_06-03_06-05_26_1061,3,210.001098459958,26
l_07-30_08-02_35_1672,3,65.967460283573,35
l_03-13_03-16_4_270,3,166.968102873536,4
l_06-12_06-14_27_1193,3,231.989585236704,27
l_03-20_03-24_6_407,1,249.005188083276,6
l_06-12_06-14_27_1309,3,69.9743667601433,27
l_03-13_03-16_4_239,3,140.958709946921,4
l_04-22_04-24_18_644,3,311.9977178033,18
l_03-20_03-24_6_377,3,105.00054922991,6
l_03-20_03-24_6_372,2,709.994428343256,6
l_06-12_06-14_27_1231,3,224.991748570013,27
l_06-03_06-05_26_1028,2,93.0188288898607,26
l_03-20_03-24_6_335,2,140.999708989984,6
l_03-10_03-12_2_156,2,256.002024773305,2
l_06-15_06-17_28_1449,3,201.993285366683,28
l_05-09_05-10_22_703,3,88.0039459399597,22
l_06-03_06-05_26_1089,2,272.987628320057,26
l_04-22_04-24_17_602,3,332.00025093328,17
l_05-09_05-10_22_744,1,87.0009693499796,22
l_03-13_03-16_4_238,3,199.996331976654,4
l_06-12_06-14_27_1232,3,863.03485629629,27
l_06-12_06-14_27_1181,3,187.011635046569,27
l_04-01_04-05_7_414,2,500.0033296499,7
l_06-03_06-05_26_1136,1,100.001665906631,26
l_03-13_03-16_4_274,3,107.997479279991,4
l_03-20_03-24_6_338,3,669.007385003206,6
l_05-09_05-10_22_777,3,157.001335503301,22
l_04-22_04-24_17_608,3,133.9718730235,17
l_05-24_05-25_23_864,3,204.007238359918,23
l_03-01_03-03_1_82,1,341.010040639871,1
l_05-31_06-02_25_922,3,567.017765496465,25
l_05-31_06-02_25_1003,3,121.984152823454,25
l_05-31_06-02_25_988,3,348.028876816446,25
l_07-30_08-02_35_1679,3,52.0067861332791,35
l_06-15_06-17_28_1333,3,62.9665303268785,28
l_07-26_07-29_34_1505,3,23.9994398400013,34
l_06-12_06-14_27_1319,3,236.994468420016,27
l_03-01_03-03_1_65,1,393.009826936555,1
l_07-30_08-02_35_1634,1,12.0197194532084,35
l_06-15_06-17_28_1438,3,133.976872906816,28
l_05-09_05-10_22_727,3,52.0027862266406,22
l_05-09_05-10_22_742,2,730.005961263179,22
l_07-30_08-02_35_1638,3,428.970987583467,35
l_03-13_03-16_4_242,3,155.999358889996,4
l_07-26_07-29_34_1514,3,180.994775483341,34
l_06-12_06-14_27_1158,1,86.9999693733189,27
l_03-20_03-24_6_365,3,129.002989000001,6
l_04-01_04-05_7_415,1,118.96422331022,7
l_07-26_07-29_34_1501,2,126.995035866676,34
l_03-13_03-16_4_206,3,123.001129086646,4
l_05-09_05-10_22_708,1,189.99956530664,22
l_03-20_03-24_5_330,1,333.001227569941,5
l_05-09_05-10_22_739,2,91.0008759899792,22
l_04-16_04-17_16_591,3,480.005796403224,16
l_04-10_04-11_10_551,2,120.99717586,10
l_04-22_04-24_17_611,2,167.0011021033,17
l_06-12_06-14_27_1167,3,190.967542713519,27
l_05-09_05-10_22_715,3,114.00333909996,22
l_07-26_07-29_34_1537,2,199.023354686491,34
l_06-15_06-17_28_1454,3,120.03419833642,28
l_03-13_03-16_4_294,2,64.0075060299132,4
l_05-09_05-10_22_784,3,131.996919119993,22
l_06-12_06-14_27_1160,2,100.99164280004,27
l_07-26_07-29_34_1523,3,180.997775413329,34
l_05-09_05-10_22_792,2,123.003129039964,22
l_06-12_06-14_27_1170,2,114.995315946679,27
l_03-10_03-12_2_93,3,407.000500386595,2
l_06-15_06-17_28_1450,3,371.007340486554,28
l_07-30_08-02_35_1683,1,211.000075143296,35
l_06-12_06-14_27_1147,1,154.00840535992,27
l_06-03_06-05_26_1101,3,981.01410259644,26
l_05-24_05-25_23_872,1,86.9889696300525,23
l_04-22_04-24_17_613,3,186.00465854994,17
l_03-10_03-12_2_129,1,195.969425966839,2
l_05-24_05-25_23_798,3,7.99981327999922,23
l_03-01_03-03_1_80,1,614.013668586471,1
l_06-03_06-05_26_1109,3,73.0282954798022,26
l_03-20_03-24_6_349,1,68.9623903802712,6
l_05-09_05-10_22_702,3,23.9994398400002,22
l_06-03_06-05_26_1065,3,74.0092725832583,26
l_07-26_07-29_34_1542,3,446.996566856615,34
l_03-20_03-24_5_310,2,9.99976660000539,5
l_03-01_03-03_1_6,2,653.9797357567,1
l_03-13_03-16_4_272,1,91.0028759432607,4
l_06-15_06-17_28_1381,3,81.9680868201976,28
l_03-10_03-12_2_134,3,125.005082313277,2
l_05-09_05-10_22_759,3,152.001452203302,22
l_03-10_03-12_2_109,2,139.000755646644,2
l_05-24_05-25_23_812,3,182.991728873361,23
l_06-15_06-17_28_1431,1,117.983246206772,28
l_04-22_04-24_17_615,1,119.99819917666,17
l_06-12_06-14_27_1289,1,70.0263655465096,27
l_07-30_08-02_35_1598,3,36.020159269865,35
l_03-13_03-16_4_277,1,102.998595956655,4
l_05-09_05-10_22_793,2,336.0021575266,22
l_03-20_03-24_6_369,1,127.001035726687,6
l_03-01_03-03_1_57,1,182.998728709965,1
l_04-22_04-24_18_643,3,87.0009693499742,18
l_03-13_03-16_4_241,3,88.0099457998876,4
l_06-03_06-05_26_1094,1,500.985306729999,26
l_04-22_04-24_18_630,1,96.9987359966472,18
l_06-03_06-05_26_1110,3,371.970318010135,26
l_06-15_06-17_28_1424,3,184.974682590138,28
l_04-10_04-11_10_520,2,242.998328286638,10
l_06-15_06-17_28_1360,1,208.990122056699,28
l_07-30_08-02_35_1692,1,81.0101091799152,35
l_06-12_06-14_27_1296,1,339.99406435329,27
l_07-26_07-29_34_1512,2,55.9896931700641,34
l_04-16_04-17_16_562,3,62.9985295799997,16
l_04-01_04-05_7_418,1,207.00616836326,7
l_07-30_08-02_35_1691,1,92.0058525332715,35
l_07-30_08-02_35_1624,2,131.000942366634,35
l_05-09_05-10_22_779,3,39.001089693309,22
l_03-01_03-03_1_89,3,597.97104303012,1
l_04-10_04-11_10_529,3,143.001662263305,10
l_06-03_06-05_26_1105,3,752.004447806539,26
l_06-12_06-14_27_1290,2,276.000557996624,27
l_06-12_06-14_27_1190,3,16.9996032199997,27
l_07-30_08-02_35_1616,3,18.999556539995,35
l_03-10_03-12_2_196,3,173.007961899915,2
l_06-03_06-05_26_1114,1,51.0368087730894,26
l_05-31_06-02_25_956,2,216.002958373283,25
l_03-20_03-24_6_357,2,25.0004164766578,6
l_03-10_03-12_2_132,2,99.0006892699748,2
l_03-10_03-12_2_161,3,162.965196303558,2
l_06-15_06-17_28_1422,3,480.970773880123,28
l_06-03_06-05_26_1133,3,171.002008719952,26
l_06-15_06-17_28_1435,3,133.005895569935,28
l_06-12_06-14_27_1200,2,89.9768998901345,27
l_04-22_04-24_17_618,3,69.9993661766603,17
l_05-09_05-10_22_734,3,462.96519414016,22
l_06-15_06-17_28_1365,3,349.018853709822,28
l_06-03_06-05_26_1079,3,99.0046891766251,26
l_06-12_06-14_27_1202,3,64.0045060999619,27
l_03-10_03-12_2_169,1,128.010012176586,2
l_05-09_05-10_22_768,3,67.9994128566614,22
l_05-31_06-02_25_957,2,122.023151913163,25
l_06-15_06-17_28_1442,3,291.980185023422,28
l_03-01_03-03_1_76,3,215.998958466662,1
l_03-13_03-16_4_231,2,90.9978760599988,4
l_03-01_03-03_1_54,1,188.99858866998,1
l_03-10_03-12_2_101,1,263.998838123305,2
l_05-24_05-25_23_827,1,88.0059458932792,23
l_05-09_05-10_22_766,3,20.9995098600048,22
l_06-12_06-14_27_1263,2,114.999315853303,27
l_06-03_06-05_26_1091,2,120.026198523148,26
l_03-13_03-16_4_244,2,366.930435643764,4
l_07-30_08-02_35_1653,3,71.0063426732668,35
l_06-12_06-14_27_1295,3,33.9952065333491,27
l_03-13_03-16_4_211,3,169.020054979832,4
l_03-10_03-12_2_185,1,380.9761078101,2
l_03-01_03-03_1_34,3,45.0009496533203,1
l_05-31_06-02_25_911,3,97.0017359266421,25
l_06-12_06-14_27_1211,2,52.0177858765455,27
l_03-01_03-03_1_27,3,88.9999226933205,1
l_05-31_06-02_25_895,1,45.0019496299828,25
l_03-01_03-03_1_53,3,77.0042026799601,1
l_05-31_06-02_25_936,3,500.003329649902,25
l_07-26_07-29_34_1539,1,295.033113766389,34
l_03-20_03-24_6_336,2,178.99882206996,6
l_06-12_06-14_27_1238,2,390.002897119921,27
l_05-31_06-02_25_915,3,163.016195113203,25
l_04-10_04-11_10_538,3,113.004362416621,10
l_05-31_06-02_25_882,2,279.98946489336,25
l_05-24_05-25_23_811,2,141.995685743341,23
l_05-31_06-02_25_906,2,71.9693201968621,25
l_05-09_05-10_22_794,1,74.9982495000004,22
l_07-26_07-29_34_1538,2,26.9993698199978,34
l_05-24_05-25_23_858,1,164.996148899998,23
l_03-20_03-24_6_341,3,576.984532866685,6
l_06-12_06-14_27_1261,3,77.0052026566118,27
l_06-15_06-17_28_1352,3,122.005152333279,28
l_03-10_03-12_2_199,2,29.0033230466361,2
l_03-20_03-24_5_324,1,244.997281629978,5
l_05-31_06-02_25_1007,3,204.985215533408,25
l_06-03_06-05_26_1078,2,412.997360416623,26
l_06-15_06-17_28_1470,3,46.0029262666649,28
l_03-20_03-24_5_329,1,104.004572476617,5
l_07-26_07-29_34_1484,3,111.967386620196,34
l_03-20_03-24_6_343,3,317.005600916571,6
l_07-26_07-29_34_1562,3,58.9796233834641,34
l_05-31_06-02_25_949,3,173.999938746638,25
l_03-20_03-24_5_304,3,144.997615676657,5
l_05-31_06-02_25_968,3,138.990755880048,25
l_05-09_05-10_22_720,3,248.979188690101,22
l_07-26_07-29_34_1532,3,99.9956660466851,34
l_07-26_07-29_34_1569,3,92.0348518564278,34
l_06-15_06-17_28_1336,2,71.0053426966188,28
l_04-01_04-05_7_410,3,304.00090445328,7
l_07-26_07-29_34_1495,3,357.999644093281,34
l_07-26_07-29_34_1571,3,178.979822513444,34
l_05-24_05-25_23_804,3,177.98184580676,23
l_06-12_06-14_27_1180,3,74.9982495000004,27
l_05-09_05-10_22_754,3,93.9998059933132,22
l_05-09_05-10_22_757,2,84.0010393699777,22
l_05-31_06-02_25_875,1,30.0132994732403,25
l_06-03_06-05_26_1054,1,91.0018759666418,26
l_03-20_03-24_6_400,3,176.00489194988,6
l_05-09_05-10_22_751,3,43.0389954463899,22
l_06-03_06-05_26_1041,3,308.020810626476,26
l_04-10_04-11_10_526,1,150.008498719922,10
l_07-30_08-02_35_1648,1,203.995238639996,35
l_03-01_03-03_1_11,3,38.9990897399998,1
l_07-26_07-29_34_1587,3,1646.00658130972,34
l_07-26_07-29_34_1530,3,22.0144861698936,34
l_03-13_03-16_4_235,3,95.9977593599979,4
l_07-26_07-29_34_1504,2,177.023868166485,34
l_05-24_05-25_23_850,3,56.0206924465165,23
l_05-31_06-02_25_878,2,20.9995098599993,25
l_06-12_06-14_27_1277,1,303.985904803383,27
l_03-10_03-12_2_113,1,39.0000897166683,2
l_06-12_06-14_27_1235,3,60.9935763766989,27
l_03-20_03-24_6_391,3,151.997452296724,6
l_03-20_03-24_6_406,3,73.0012961099856,6
l_03-01_03-03_1_67,1,49.9988329999906,1
l_06-03_06-05_26_1125,3,266.999768079928,26
l_06-03_06-05_26_1112,3,504.012236079841,26
l_07-30_08-02_35_1693,3,99.9826663501153,35
l_05-31_06-02_25_990,1,265.017814339866,25
l_03-13_03-16_4_209,3,223.00679489992,4
l_04-22_04-24_18_664,1,97.0057358332851,18
l_03-20_03-24_5_318,1,302.971928470142,5
l_03-01_03-03_1_37,3,60.9995762366598,1
l_06-15_06-17_28_1436,2,130.986942693402,28
l_04-10_04-11_10_553,3,225.965725836861,10
l_06-03_06-05_26_1093,3,176.987869006698,26
l_07-30_08-02_35_1687,1,6.99983662000159,35
l_06-12_06-14_27_1255,3,64.01050595993,27
l_06-03_06-05_26_1082,3,82.9860630600742,26
l_05-24_05-25_23_848,1,464.00016998325,23
l_03-13_03-16_4_227,3,69.9983662000013,4
l_04-10_04-11_10_530,1,191.001541919963,10
l_05-31_06-02_25_897,3,760.97523842338,25
l_06-12_06-14_27_1176,3,202.025284619798,27
l_03-01_03-03_1_38,3,120.999175813319,1
l_03-13_03-16_4_258,3,193.011495006562,4
l_04-16_04-17_16_589,3,204.0052384066,16
l_06-03_06-05_26_1027,3,178.97682258346,26
l_03-20_03-24_6_408,2,162.001218803285,6
l_07-26_07-29_34_1490,3,375.020246823136,34
l_04-22_04-24_17_594,3,228.99565511666,17
l_04-22_04-24_17_596,1,191.99851864998,17
l_06-03_06-05_26_1086,1,97.00373587996,26
l_03-13_03-16_4_218,3,54.9987162999969,4
l_06-03_06-05_26_1123,2,158.006312046607,26
l_06-03_06-05_26_1100,3,34.008206229948,26
l_03-20_03-24_6_386,1,199.00035522331,6
l_07-30_08-02_35_1690,3,99.0146889432217,35
l_06-12_06-14_27_1302,3,276.003557926597,27
l_03-20_03-24_6_383,3,299.011020919948,6
l_06-12_06-14_27_1278,2,186.000658643286,27
l_06-03_06-05_26_1034,1,243.00632809992,26
l_04-22_04-24_18_625,3,153.996405640006,18
l_05-24_05-25_23_837,2,106.037525026404,23
l_03-10_03-12_2_133,3,45.0069495132775,2
l_04-16_04-17_16_583,3,165.00914859659,16
l_03-10_03-12_2_202,3,7.99981328001013,2
l_04-16_04-17_16_564,3,228.003678269939,16
l_05-24_05-25_23_860,3,133.975872930139,23
l_05-24_05-25_23_825,3,130.973942996821,23
l_06-03_06-05_26_1040,3,229.012654719878,26
l_04-10_04-11_10_521,3,10.001766553316,10
l_06-15_06-17_28_1376,3,194.01447159654,28
l_07-26_07-29_34_1516,2,218.026911133122,34
l_07-30_08-02_35_1605,1,314.997647783304,35
l_04-16_04-17_16_586,3,74.9982495000004,16
l_06-15_06-17_28_1337,3,209.006121683262,28
l_06-15_06-17_28_1413,3,131.99591914333,28
l_06-12_06-14_27_1275,1,125.97105976686,27
l_03-13_03-16_4_269,3,45.9989263600146,4
l_05-24_05-25_23_840,2,96.0107590565894,23
l_05-09_05-10_22_721,3,15.9996265600003,22
l_03-01_03-03_1_30,3,198.9603561569,1
l_03-10_03-12_2_107,2,102.002619203304,2
l_04-16_04-17_16_572,3,140.996709059997,16
l_06-03_06-05_26_1033,1,70.0043660599622,26
l_06-12_06-14_27_1268,2,94.0018059466383,27
l_05-09_05-10_22_717,3,109.0024558233,22
l_07-30_08-02_35_1603,3,21.99148670672,35
l_07-30_08-02_35_1633,3,154.970382906846,35
l_03-20_03-24_6_373,1,513.005026183266,6
l_05-31_06-02_25_976,1,270.978675210092,25
l_03-13_03-16_4_210,1,232.009584769898,4
l_06-03_06-05_26_1116,1,170.000032106647,26
l_07-30_08-02_35_1662,3,72.9762966934941,35
l_07-26_07-29_34_1533,3,44.0039729232958,34
l_05-31_06-02_25_945,1,269.026720769776,25
l_03-13_03-16_4_212,3,270.965675513522,4
l_05-31_06-02_25_1020,3,124.999082453316,25
l_03-13_03-16_4_281,1,102.00061925,4
l_05-24_05-25_23_800,2,622.032481423019,23
l_05-09_05-10_22_763,2,127.999012433313,22
l_05-24_05-25_23_855,2,141.990685860044,23
l_03-01_03-03_1_51,3,257.997978186641,1
l_05-31_06-02_25_962,2,158.989289103367,25
l_05-09_05-10_22_716,3,438.00177679992,22
l_03-13_03-16_4_261,3,243.963305763522,4
l_03-20_03-24_6_362,3,187.011635046569,6
l_03-01_03-03_1_1,2,145.99959228998,1
l_03-20_03-24_5_315,2,99.9976660000029,5
l_06-12_06-14_27_1228,1,202.006285063268,27
l_06-12_06-14_27_1259,2,85.9999927133031,27
l_03-01_03-03_1_26,3,134.999849029979,1
l_04-22_04-24_18_660,3,120.00619898994,18
l_03-13_03-16_4_275,3,59.0046227999846,4
l_03-13_03-16_4_248,1,58.9986229399801,4
l_06-03_06-05_26_1138,3,38.9780902301427,26
l_03-01_03-03_1_84,3,289.004254483239,1
l_06-12_06-14_27_1208,2,51.0028095666421,27
l_03-01_03-03_1_39,2,127.00303567996,1
l_06-12_06-14_27_1285,3,336.006157433265,27
l_03-13_03-16_4_276,1,385.001013866626,4
l_07-26_07-29_34_1522,2,102.011618993245,34
l_06-15_06-17_28_1401,3,162.977196023465,28
l_05-24_05-25_23_861,3,52.9937630967033,23
l_05-31_06-02_25_977,2,227.989678596728,25
l_06-12_06-14_27_1243,3,22.0014864733239,27
l_06-03_06-05_26_1095,3,300.062996366207,26
l_03-20_03-24_5_298,3,81.0011093899811,5
l_05-24_05-25_23_863,3,153.997405616654,23
l_05-24_05-25_23_854,3,184.985682333398,23
l_04-22_04-24_18_639,1,235.996491713333,18
l_06-03_06-05_26_1073,3,127.013035446558,26
l_06-03_06-05_26_1077,3,334.98018138008,26
l_03-10_03-12_2_178,3,134.007872183254,2
l_04-10_04-11_10_524,2,86.9999693733189,10
l_04-22_04-24_18_627,3,230.996608413319,18
l_05-31_06-02_25_998,2,90.0158989798801,25
l_04-01_04-05_7_411,1,80.0051326366201,7
l_03-13_03-16_4_286,2,95.0017826067051,4
l_06-12_06-14_27_1317,3,146.988569206704,27
l_06-03_06-05_26_1096,2,387.99394400997,26
l_07-26_07-29_34_1510,3,469.018052863139,34
l_05-31_06-02_25_994,3,94.0248054098338,25
l_06-12_06-14_27_1312,3,313.995671169978,27
l_03-10_03-12_2_179,2,172.00198537996,2
l_06-15_06-17_28_1384,2,83.0030626633015,28
l_07-30_08-02_35_1602,3,56.986669900085,35
l_06-12_06-14_27_1194,2,298.021044026478,27
l_05-31_06-02_25_987,2,537.99044300997,25
l_06-15_06-17_28_1351,1,18.0395789464001,28
l_07-26_07-29_34_1492,3,316.995601149978,34
l_05-09_05-10_22_749,3,351.005807333233,22
l_03-20_03-24_6_358,1,46.0039262433129,6
l_06-12_06-14_27_1215,1,105.005549113281,27
l_03-13_03-16_4_267,3,41.0050429199473,4
l_06-12_06-14_27_1294,3,478.015842849825,27
l_04-22_04-24_18_634,3,48.0028795866237,18
l_06-03_06-05_26_1053,2,105.028548576462,26
l_07-30_08-02_35_1696,3,158.982289266773,35
l_03-10_03-12_2_96,3,60.9995762366598,2
l_03-20_03-24_6_355,2,138.996755739994,6
l_07-30_08-02_35_1677,1,331.988251213363,35
l_07-30_08-02_35_1640,3,88.9769232301333,35
l_03-10_03-12_2_187,1,209.002121776633,2
l_04-22_04-24_18_662,3,154.000405546642,18
l_05-09_05-10_22_762,3,151.998452273314,22
l_04-16_04-17_16_584,1,305.002881066597,16
l_06-15_06-17_28_1405,3,194.975449166799,28
l_05-09_05-10_22_743,1,246.00125819662,22
l_07-26_07-29_34_1566,2,106.005525773289,34
l_03-10_03-12_2_105,1,250.996141613316,2
l_03-01_03-03_1_17,2,307.97581167678,1
l_03-01_03-03_1_90,2,544.010302503157,1
l_07-26_07-29_34_1567,3,60.0015995299764,34
l_07-26_07-29_34_1482,3,292.971161893482,34
l_06-12_06-14_27_1256,3,40.9860433634021,27
l_06-12_06-14_27_1162,3,26.0093929266004,27
l_07-30_08-02_35_1661,3,153.955406596942,35
l_06-15_06-17_28_1477,3,250.031164136453,28
l_05-09_05-10_22_710,3,191.96751937352,22
l_07-26_07-29_34_1559,3,346.003924079923,34
l_06-03_06-05_26_1132,3,14.9866502034129,26
l_05-24_05-25_23_834,3,211.00907493323,23
l_06-12_06-14_27_1210,1,71.9873197767447,27
l_04-22_04-24_18_655,3,105.997525960003,18
l_06-03_06-05_26_1134,3,178.984822396742,26
l_07-26_07-29_34_1585,3,30.9962765299715,34
l_05-31_06-02_25_876,3,164.9861491334,25
l_05-31_06-02_25_885,2,188.99958864664,25
l_05-09_05-10_22_781,2,98.9976893400017,22
l_06-15_06-17_28_1418,2,133.999872369968,28
l_07-26_07-29_34_1548,3,44.9919498633681,34
l_06-15_06-17_28_1349,3,90.9708766901786,28
l_06-15_06-17_28_1379,3,183.979705813439,28
l_04-22_04-24_18_656,1,179.004821929935,18
l_04-10_04-11_10_541,1,489.009586249857,10
l_03-20_03-24_5_305,2,66.0044594199644,5
l_06-03_06-05_26_1098,1,128.012012129882,26
l_03-01_03-03_1_9,1,56.9986696199999,1
l_05-31_06-02_25_924,3,12.9996965800092,25
l_07-30_08-02_35_1626,2,389.990897399999,35
l_07-26_07-29_34_1543,1,153.006428746594,34
l_04-16_04-17_16_570,3,243.002328193281,16
l_05-09_05-10_22_718,1,167.00510200994,22
l_06-12_06-14_27_1205,2,166.999102149981,27
l_07-30_08-02_35_1654,3,259.995931553334,35
l_05-09_05-10_22_712,3,272.96562883352,22
l_06-15_06-17_28_1341,2,66.9984362200012,28
l_06-03_06-05_26_1102,3,47.9258813838242,26
l_06-12_06-14_27_1245,3,146.016591893203,27
l_05-09_05-10_22_767,2,106.997502619997,22
l_07-26_07-29_34_1583,2,687.010964789835,34
l_04-16_04-17_16_582,3,208.997121893313,16
l_05-09_05-10_22_758,3,161.007242003267,22
l_07-30_08-02_35_1639,2,219.026887793123,35
l_03-10_03-12_2_205,1,177.999845386628,2
l_06-12_06-14_27_1280,2,265.9987914433,27
l_06-15_06-17_28_1370,3,118.973223100158,28
l_07-26_07-29_34_1515,1,108.00647906994,34
l_05-31_06-02_25_931,1,84.9880163334019,25
l_03-13_03-16_4_288,1,129.001989023294,4
l_03-01_03-03_1_4,2,97.00673580994,1
l_04-22_04-24_17_612,3,25.9993931599993,17
l_06-15_06-17_28_1443,3,93.988806250054,28
l_05-09_05-10_22_780,2,169.000055446639,22
l_03-20_03-24_6_397,3,239.012421319843,6
l_03-01_03-03_1_10,2,10.0027665299795,1
l_03-20_03-24_6_345,2,28.0003464566835,6
l_03-01_03-03_1_64,3,23.9994398400013,1
l_05-09_05-10_22_725,2,72.0023194266396,22
l_06-03_06-05_26_1142,3,86.0099924798997,26
l_05-09_05-10_22_724,3,13.9996732400004,22
l_05-31_06-02_25_952,2,88.9889229500695,25
l_06-12_06-14_27_1308,3,463.986170310032,27
l_04-22_04-24_17_623,3,111.99938587332,17
l_07-30_08-02_35_1666,3,67.0064360332908,35
l_06-12_06-14_27_1223,3,32.0082529099309,27
l_06-12_06-14_27_1269,1,175.007915219932,27
l_06-03_06-05_26_1046,2,70.9983428599953,26
l_06-03_06-05_26_1131,3,37.0111361399177,26
l_06-15_06-17_28_1452,3,415.004313573256,28
l_04-10_04-11_10_540,2,231.006608179923,10
l_05-09_05-10_22_746,3,44.9989497000061,22
l_06-12_06-14_27_1260,3,143.00266223996,27
l_07-30_08-02_35_1658,3,246.01825779982,35
l_04-16_04-17_16_571,3,93.0008293099745,16
l_06-03_06-05_26_1085,3,73.9632736568965,26
l_05-09_05-10_22_791,3,161.997218896664,22
l_05-24_05-25_23_853,3,131.028941713113,23
l_06-12_06-14_27_1301,1,188.980589090119,27
l_05-24_05-25_23_817,3,82.0060859332807,23
l_06-15_06-17_28_1421,3,211.004075049947,28
l_03-01_03-03_1_91,3,129.006988906622,1
l_03-20_03-24_6_390,3,148.000545586576,6
l_05-31_06-02_25_950,3,621.9904824033,25
l_03-01_03-03_1_32,2,123.0121288299,1
l_06-15_06-17_28_1419,2,153.985405896747,28
l_06-15_06-17_28_1396,2,339.011087296542,28
l_03-10_03-12_2_144,1,115.004315736616,2
l_05-09_05-10_22_755,3,48.9988563399966,22
l_06-15_06-17_28_1400,3,193.015494913183,28
l_04-01_04-05_7_422,1,180.01779828652,7
l_07-30_08-02_35_1610,1,151.985452576744,35
l_06-15_06-17_28_1361,1,71.9983195200002,28
l_06-03_06-05_26_1108,3,131.001942343282,26
l_03-20_03-24_5_302,2,182.000752003296,5
l_05-31_06-02_25_1002,3,137.931780597108,25
l_05-09_05-10_22_770,3,186.971635980168,22
l_05-31_06-02_25_946,3,106.971503226843,25
l_05-09_05-10_22_747,1,168.001078763293,22
l_03-10_03-12_2_123,1,113.997339239999,2
l_03-10_03-12_2_183,2,158.003312116634,2
l_03-10_03-12_2_181,2,12.9596975135792,2
l_05-09_05-10_22_709,3,297.00606771658,22
l_05-31_06-02_25_902,3,1118.02990457296,25
l_06-12_06-14_27_1175,3,119.98919938672,27
l_07-26_07-29_34_1508,3,125.995059206674,34
l_06-12_06-14_27_1220,2,12.0047198032989,27
l_07-26_07-29_34_1481,2,270.025697453118,34
l_03-20_03-24_6_380,1,100.007665766636,6
l_05-09_05-10_22_713,3,26.0003931366605,22
l_03-20_03-24_6_361,2,206.003191773285,6
l_03-13_03-16_4_223,3,78.000179433322,4
l_03-13_03-16_4_262,1,264.014837749884,4
l_06-03_06-05_26_1097,1,82.9800632001425,26
l_06-12_06-14_27_1310,3,212.035050986393,27
l_06-03_06-05_26_1107,3,153.008428699919,26
l_03-01_03-03_1_41,3,78.99815614,1
l_03-10_03-12_2_167,3,192.999495286611,2
l_07-26_07-29_34_1506,2,156.983335923418,34
l_03-13_03-16_4_224,3,165.005148689939,4
l_06-03_06-05_26_1045,3,81.0001094133113,26
l_05-31_06-02_25_898,3,86.0069925499411,25
l_05-24_05-25_23_797,1,319.985531363382,23
l_03-01_03-03_1_61,3,121.007175626612,1
l_04-16_04-17_16_566,1,221.002841673282,16
l_05-31_06-02_25_883,3,40.9990430600001,25
l_03-01_03-03_1_70,3,152.005452109937,1
l_06-12_06-14_27_1209,1,291.998184603297,27
l_03-01_03-03_1_83,3,206.968169250176,1
l_05-31_06-02_25_979,1,269.007721213216,25
l_03-10_03-12_2_140,2,19.9995331999962,2
l_06-15_06-17_28_1420,3,72.0163190998865,28
l_05-31_06-02_25_884,2,188.003611893279,25
l_06-12_06-14_27_1323,3,188.008611776575,27
l_04-22_04-24_18_628,2,112.99936253333,18
l_06-12_06-14_27_1240,3,267.016767683177,27
l_03-01_03-03_1_77,3,223.969772423472,1
l_03-01_03-03_1_69,3,76.9732034034969,1
l_07-26_07-29_34_1593,3,31.0132761332789,34
l_03-13_03-16_4_289,2,113.003362439922,4
l_05-09_05-10_22_730,3,89.0039225999608,22
l_06-12_06-14_27_1145,3,12.9966966500197,27
l_03-10_03-12_2_116,2,172.0359845864,2
l_03-01_03-03_1_23,2,238.00844475324,1
l_03-13_03-16_4_225,3,245.002281513283,4
l_07-30_08-02_35_1681,3,198.996355316689,35
l_03-01_03-03_1_50,3,179.96479952354,1
l_07-26_07-29_34_1529,3,105.015548879892,34
l_05-31_06-02_25_908,3,393.998803853283,25
l_05-09_05-10_22_753,3,133.001895663299,22
l_03-20_03-24_6_378,3,59.9985995999887,6
l_06-15_06-17_28_1332,3,229.007654836581,28
l_05-31_06-02_25_905,3,102.004619156618,25
l_05-31_06-02_25_901,3,164.963149670217,25
l_06-12_06-14_27_1222,3,205.016214809875,27
l_03-20_03-24_6_375,2,276.963535520248,6
l_03-01_03-03_1_3,2,217.99691183332,1
l_06-12_06-14_27_1168,3,68.0314121097763,27
l_06-03_06-05_26_1137,3,350.981807893404,26
l_05-31_06-02_25_887,3,413.01136008986,25
l_06-15_06-17_28_1411,3,233.997538369978,28
l_06-12_06-14_27_1204,3,68.9693902168583,27
l_06-03_06-05_26_1128,3,359.999597413262,26
l_06-15_06-17_28_1339,2,133.972873000157,28
l_07-30_08-02_35_1695,3,131.021941876505,35
l_06-12_06-14_27_1183,1,108.004479116629,27
l_06-12_06-14_27_1163,3,430.998940249941,27
l_07-30_08-02_35_1637,1,46.0309256131295,35
l_07-26_07-29_34_1511,3,192.021518113157,34
l_06-12_06-14_27_1265,3,331.007274109899,27
l_07-26_07-29_34_1520,1,81.9890863300534,34
l_05-31_06-02_25_930,3,165.024148246463,25
l_03-10_03-12_2_103,1,118.009245599926,2
l_07-26_07-29_34_1521,2,83.9630402569019,34
l_07-26_07-29_34_1596,2,641.006038569903,34
l_05-31_06-02_25_910,3,78.0151790832206,25
l_06-15_06-17_28_1345,3,33.0032296866411,28
l_06-15_06-17_28_1453,3,131.022941853153,28
l_03-13_03-16_4_230,2,179.00482192995,4
l_05-09_05-10_22_750,3,82.9620636202453,22
l_06-03_06-05_26_1030,3,237.02346774314,26
l_04-22_04-24_17_621,3,262.0088845699,17
l_06-03_06-05_26_1092,3,418.010243413242,26
l_03-13_03-16_4_254,3,349.001854106609,4
l_06-15_06-17_28_1466,3,237.063466809544,28
l_07-30_08-02_35_1686,3,160.010265273246,35
l_06-15_06-17_28_1372,3,56.9976696433405,28
l_05-24_05-25_23_823,1,87.0059692332816,23
l_06-15_06-17_28_1412,3,233.990538533355,28
l_07-30_08-02_35_1674,3,323.998437699949,35
l_04-16_04-17_16_579,2,145.996592359996,16
l_06-15_06-17_28_1346,3,171.011008509899,28
l_06-15_06-17_28_1445,1,304.016904079836,28
l_05-31_06-02_25_909,3,56.005692796618,25
l_04-10_04-11_10_552,3,135.036848166405,10
l_06-12_06-14_27_1306,1,108.99745594,27
l_03-13_03-16_4_279,3,86.0279920597677,4
l_06-15_06-17_28_1457,2,124.00610562996,28
l_03-20_03-24_6_388,1,355.991690960014,6
l_04-10_04-11_10_533,3,164.964149646883,10
l_05-24_05-25_23_816,3,342.999994193282,23
l_06-12_06-14_27_1178,2,24.0044397232996,27
l_06-12_06-14_27_1230,3,6.99983662000159,27
l_03-20_03-24_6_409,1,637.000132069923,6
l_04-22_04-24_17_609,3,3.99990664000006,17
l_06-15_06-17_28_1344,3,210.0000984833,28
l_05-24_05-25_23_847,1,146.998568973329,23
l_03-01_03-03_1_88,3,42.0020196499827,1
l_06-12_06-14_27_1293,3,372.018316889822,27
l_05-24_05-25_23_865,3,225.020747893155,23
l_04-16_04-17_16_558,3,50.9998096366617,16
l_07-30_08-02_35_1630,3,77.0032027033158,35
l_06-15_06-17_28_1371,3,384.009037019878,28
l_06-15_06-17_28_1391,3,164.014171819879,28
l_04-22_04-24_18_632,3,324.006437513235,18
l_05-31_06-02_25_963,1,430.028962889744,25
l_06-15_06-17_28_1429,3,61.0115759565815,28
l_06-15_06-17_28_1416,3,523.027792246401,28
l_03-01_03-03_1_63,3,169.000055446639,1
l_04-22_04-24_18_649,3,53.0387620464026,18
l_04-10_04-11_10_545,3,140.005732189937,10
l_07-30_08-02_35_1612,3,208.992122010022,35
l_03-20_03-24_6_360,3,59.9985996000178,6
l_07-30_08-02_35_1651,3,132.999895709974,35
l_07-26_07-29_34_1544,3,534.967513566808,34
l_06-15_06-17_28_1462,1,138.924757420464,28
l_03-01_03-03_1_20,3,11.9997199200002,1
l_04-22_04-24_17_619,3,221.000841719961,17
l_03-10_03-12_2_190,3,32.9992297799909,2
l_06-15_06-17_28_1463,2,200.002331836644,28
l_05-09_05-10_22_769,3,86.0069925499265,22
l_05-24_05-25_23_842,2,517.989909833326,23
l_03-01_03-03_1_8,3,9.99976659999993,1
l_05-24_05-25_23_822,3,120.014198803221,23
l_03-10_03-12_2_110,1,313.010694159879,2
l_06-12_06-14_27_1152,3,145.010615373238,27
l_06-03_06-05_26_1060,3,68.985389843423,26
l_05-31_06-02_25_1004,1,76.9912029833649,25
l_04-22_04-24_18_637,3,204.962216070213,18
l_06-12_06-14_27_1246,3,30.0002997766569,27
l_07-26_07-29_34_1555,3,117.996245903341,34
l_05-31_06-02_25_938,3,176.995868819999,25
l_03-13_03-16_4_287,3,197.007401739946,4
l_05-31_06-02_25_917,2,128.008012223261,25
l_03-10_03-12_2_159,3,40.999043060001,2
l_05-31_06-02_25_971,1,146.979569416813,25
l_06-15_06-17_28_1427,3,102.991596120031,28
l_07-30_08-02_35_1607,1,320.0275303831,35
l_06-15_06-17_28_1342,3,26.0003931366591,28
l_07-26_07-29_34_1498,3,309.998764459961,34
l_07-30_08-02_35_1601,3,250.993141683342,35
l_04-10_04-11_10_528,1,156.005358749935,10
l_06-12_06-14_27_1217,1,280.985441646713,27
l_03-13_03-16_4_265,1,42.0030196266307,4
l_03-20_03-24_6_401,3,142.996662380057,6
l_05-24_05-25_23_802,3,44.984950026761,23
l_06-12_06-14_27_1299,3,22.9984632033156,27
l_07-26_07-29_34_1580,1,129.010988813243,34
l_03-13_03-16_4_273,2,423.006126806606,4
l_03-13_03-16_4_257,3,16.9636040602054,4
l_05-31_06-02_25_886,2,179.0108217899,25
l_03-10_03-12_2_115,3,398.999687129937,2
l_03-10_03-12_2_106,2,252.017117783173,2
l_03-01_03-03_1_14,3,161.00524204994,1
l_07-30_08-02_35_1609,1,55.978693426805,35
l_05-31_06-02_25_955,2,132.972896340158,25
l_05-24_05-25_23_856,3,91.9798531401029,23
l_07-30_08-02_35_1611,1,51.0078094499477,35
l_03-10_03-12_2_104,2,45.99892636,2
l_06-12_06-14_27_1169,3,206.01419151654,27
l_05-09_05-10_22_783,3,88.0009460099682,22
l_03-20_03-24_6_379,1,231.004608226591,6
l_03-10_03-12_2_163,3,63.0005295333394,2
l_05-31_06-02_25_972,2,359.984597763367,25
l_06-12_06-14_27_1191,3,125.008082243257,27
l_04-22_04-24_18_650,3,51.9987863199931,18
l_06-15_06-17_28_1389,3,137.968779733521,28
l_06-12_06-14_27_1186,3,266.989768313353,27
l_05-31_06-02_25_1017,3,119.973199760163,25
l_05-31_06-02_25_995,2,178.016844989877,25
l_06-15_06-17_28_1409,3,359.025620146451,28
l_03-20_03-24_6_352,2,66.00345944328,6
l_03-13_03-16_4_291,1,235.005514843215,4
l_04-22_04-24_17_598,3,106.00052588998,17
l_03-01_03-03_1_71,3,41.9990197199804,1
l_06-15_06-17_28_1433,3,113.004362416614,28
l_06-12_06-14_27_1185,1,99.0086890832608,27
l_03-10_03-12_2_166,1,221.004841626593,2
l_05-31_06-02_25_981,2,260.018931016501,25
l_03-20_03-24_5_301,1,237.004468186598,5
l_06-15_06-17_28_1448,3,114.982316250098,28
l_06-03_06-05_26_1140,3,173.998938770004,26
l_05-31_06-02_25_970,1,329.966298406856,25
l_05-24_05-25_23_871,2,96.9827363701042,23
l_05-09_05-10_22_738,3,60.9995762366598,22
l_03-20_03-24_6_387,3,64.0015061700251,6
l_07-26_07-29_34_1557,1,161.982219246755,34
l_05-09_05-10_22_741,3,25.9993931600002,22
l_06-15_06-17_28_1423,1,98.0317118864477,28
l_07-26_07-29_34_1591,2,200.998308589915,34
l_06-03_06-05_26_1113,3,129.984966080083,26
l_07-30_08-02_35_1682,3,40.0170659798896,35
l_06-15_06-17_28_1399,3,253.990071733366,28
l_07-30_08-02_35_1597,3,133.999872369975,35
l_07-26_07-29_34_1524,3,298.995021293304,34
l_07-30_08-02_35_1663,2,42.9969964266929,35
l_06-12_06-14_27_1155,3,46.0149259865611,27
l_05-24_05-25_23_835,3,152.0064520866,23
l_06-03_06-05_26_1038,3,192.01151834656,26
l_06-12_06-14_27_1314,3,105.987526193436,27
l_07-26_07-29_34_1531,3,68.968390240203,34
l_05-24_05-25_23_805,1,279.012487696538,23
l_03-13_03-16_4_216,3,67.9994128566614,4
l_06-12_06-14_27_1146,1,302.967928563501,27
l_06-12_06-14_27_1327,3,169.990032340022,27
l_07-26_07-29_34_1486,3,302.033950363057,34
l_03-13_03-16_4_217,3,127.959013366919,4
l_06-15_06-17_28_1398,2,99.027688639806,28
l_06-15_06-17_28_1432,2,299.001021153279,28
l_05-09_05-10_22_775,1,113.000362509978,22
l_06-12_06-14_27_1252,2,370.980341116738,27
l_04-22_04-24_17_616,3,119.005222353279,17
l_05-31_06-02_25_925,1,394.000803806601,25
l_03-20_03-24_6_396,1,291.01020766329,6
l_03-20_03-24_5_299,2,157.001335503301,5
l_03-01_03-03_1_56,3,155.001382183301,1
l_07-30_08-02_35_1606,1,159.988265786727,35
l_03-10_03-12_2_137,3,97.00373587996,2
l_03-20_03-24_5_306,3,135.000849006639,5
l_04-16_04-17_16_585,1,229.998631706643,16
l_06-03_06-05_26_1083,3,14.9996499000044,26
l_04-16_04-17_16_574,1,190.011565026558,16
l_04-22_04-24_18_659,2,94.9657834468671,18
l_05-09_05-10_22_701,2,111.00640904994,22
l_03-13_03-16_4_282,3,55.9996929366607,4
l_06-15_06-17_28_1368,3,190.008565096578,28
l_05-09_05-10_22_761,3,122.000152449982,22
l_06-12_06-14_27_1273,2,180.035797866411,27
l_06-03_06-05_26_1076,1,412.017383289822,26
l_06-03_06-05_26_1063,1,83.9770399301415,26
l_03-13_03-16_4_243,3,158.000312186632,4
l_05-31_06-02_25_997,3,106.986502876767,25
l_05-24_05-25_23_796,3,32.99922978,23
l_06-12_06-14_27_1258,1,190.033564513069,27
l_07-26_07-29_34_1513,3,465.007146479875,34
l_05-31_06-02_25_899,3,423.0151265965,25
l_06-15_06-17_28_1437,3,154.966383000195,28
l_06-15_06-17_28_1447,2,192.016518229851,28
l_05-31_06-02_25_943,3,247.979212030099,25
l_06-15_06-17_28_1356,1,102.968596656861,28
l_04-10_04-11_10_523,3,96.0007592899783,10
l_03-13_03-16_4_247,1,261.000908096641,4
l_06-12_06-14_27_1151,2,58.0006462333185,27
l_05-31_06-02_25_996,3,81.9800865401339,25
l_04-16_04-17_16_588,3,117.998245856666,16
l_03-10_03-12_2_195,2,63.0005295333394,2
l_07-30_08-02_35_1694,3,127.999012433342,35
l_04-22_04-24_17_605,1,115.00031582998,17
l_03-01_03-03_1_60,2,123.000129109976,1
l_06-12_06-14_27_1264,3,189.012588343234,27
l_03-20_03-24_5_319,3,100.998642636659,5
l_03-01_03-03_1_85,1,82.0050859566254,1
l_06-15_06-17_28_1347,2,95.0017826066414,28
l_03-01_03-03_1_59,3,47.9638804968854,1
l_05-24_05-25_23_869,1,97.978713123448,23
l_07-26_07-29_34_1551,3,53.9927397800348,34
l_04-10_04-11_10_539,3,11.9997199200006,10
l_06-03_06-05_26_1022,3,485.001679796582,26
l_05-31_06-02_25_940,2,165.004148713284,25
l_06-12_06-14_27_1234,3,176.018891623171,27
l_03-01_03-03_1_58,3,112.037384986412,1
l_03-01_03-03_1_43,3,94.9987826766601,1
l_05-09_05-10_22_748,2,114.002339123297,22
l_04-22_04-24_17_617,3,89.99989935332,17
l_04-22_04-24_18_652,3,31.0022763899906,18
l_05-09_05-10_22_782,3,191.009541733249,22
l_05-31_06-02_25_941,3,60.0245989931718,25
l_03-20_03-24_6_342,2,86.0009926900093,6
l_06-03_06-05_26_1121,3,172.013985099853,26
l_06-15_06-17_28_1441,3,442.000683463266,28
l_03-13_03-16_4_226,1,181.999752026641,4
l_06-12_06-14_27_1179,3,222.973795670143,27
l_05-31_06-02_25_953,3,256.999001503311,25
l_05-09_05-10_22_789,2,151.000475566645,22
l_06-12_06-14_27_1225,2,100.002665883294,27
l_04-01_04-05_7_419,2,253.00109481662,7
l_05-24_05-25_23_818,3,93.0038292399604,23
l_05-09_05-10_22_765,1,100.003665859957,22
l_06-12_06-14_27_1286,2,37.9861133834347,27
l_07-30_08-02_35_1631,3,71.9903197067179,35
l_03-13_03-16_4_280,3,64.0025061466731,4
l_03-01_03-03_1_16,2,165.99912548998,1
l_06-03_06-05_26_1111,3,175.003915313282,26
l_03-20_03-24_5_326,3,29.9992998000016,5
l_07-30_08-02_35_1650,2,107.004502456606,35
l_04-22_04-24_18_633,2,148.001545563311,18
l_07-26_07-29_34_1502,2,97.0297352731213,34
l_05-24_05-25_23_868,1,108.018478789847,23
l_07-26_07-29_34_1577,3,877.98750729335,34
l_06-15_06-17_28_1446,2,68.0084126466099,28
l_07-30_08-02_35_1641,3,49.0198558498814,35
l_05-31_06-02_25_1000,2,104.996549323347,25
l_05-31_06-02_25_933,3,53.021762443168,25
l_03-20_03-24_5_312,2,276.995534773319,5
l_04-16_04-17_16_565,2,151.002475519963,16
l_03-20_03-24_6_376,1,265.996791489946,6
l_03-10_03-12_2_112,3,42.9999963566515,2
l_07-26_07-29_34_1545,3,22.0034864266345,34
l_05-31_06-02_25_879,3,626.98236589002,25
l_06-12_06-14_27_1328,3,72.9622970202181,27
l_06-15_06-17_28_1475,3,351.996784203307,28
l_03-10_03-12_2_174,3,214.980982226785,2
l_06-15_06-17_28_1444,3,145.990592500035,28
l_03-01_03-03_1_52,3,54.0007395933198,1
l_07-26_07-29_34_1586,2,161.987219130038,34
l_07-26_07-29_34_1483,3,116.01529213988,34
l_03-20_03-24_5_311,2,385.007013726565,5
l_04-10_04-11_10_531,3,154.003405476622,10
l_03-10_03-12_2_138,3,138.965756463534,2
l_07-30_08-02_35_1669,3,91.9848530234303,35
l_04-22_04-24_18_646,3,148.962523133552,18
l_06-03_06-05_26_1075,3,117.977246346796,26
l_07-30_08-02_35_1622,2,313.006694253228,35
l_06-03_06-05_26_1050,1,170.010031873237,26
l_03-13_03-16_4_290,2,126.001059066679,4
l_07-26_07-29_34_1519,3,128.026011803129,34
l_05-24_05-25_23_824,1,98.0097123999185,23
l_03-10_03-12_2_127,2,83.0090625232697,2
l_07-26_07-29_34_1575,2,108.019478766539,34
l_05-31_06-02_25_927,3,263.976838636794,25
l_03-10_03-12_2_157,1,271.967652126827,2
l_03-20_03-24_6_404,1,295.038113649702,6
l_06-12_06-14_27_1161,3,924.993410149902,27
l_05-31_06-02_25_1001,3,69.0083893066039,25
l_04-16_04-17_16_577,1,122.998129156658,16
l_06-12_06-14_27_1239,1,127.006035609942,27
l_05-31_06-02_25_1008,3,228.030677639792,25
l_03-10_03-12_2_119,3,59.9985996000032,2
l_03-20_03-24_6_359,3,71.0013427899685,6
l_04-10_04-11_10_536,3,242.00535146326,10
l_03-10_03-12_2_141,3,82.008085886584,2
l_06-15_06-17_28_1373,3,157.007335363262,28
l_03-01_03-03_1_35,3,61.9985529199994,1
l_06-15_06-17_28_1340,3,17.9995798799991,28
l_04-16_04-17_16_555,3,121.001175766643,16
l_07-30_08-02_35_1645,2,143.000662286649,35
l_06-03_06-05_26_1029,3,200.96830929018,26
l_03-13_03-16_4_255,3,68.9983895399782,4
l_03-20_03-24_6_381,3,229.00165497663,6
l_06-12_06-14_27_1172,3,220.007864896579,27
l_07-30_08-02_35_1642,2,169.979032596777,35
l_07-30_08-02_35_1678,1,105.995526006678,35
l_03-20_03-24_6_363,3,165.005148689932,6
l_06-15_06-17_28_1330,3,82.9990627566604,28
l_03-01_03-03_1_5,3,151.00047556664,1
l_07-26_07-29_34_1547,3,175.019914939854,34
l_06-03_06-05_26_1106,3,187.002635256591,26
l_06-15_06-17_28_1458,3,189.991565493372,28
l_05-31_06-02_25_999,3,9.9837669734261,25
l_06-12_06-14_27_1325,3,518.010909343197,27
l_05-24_05-25_23_820,3,21.9974865666791,23
l_06-15_06-17_28_1338,3,393.01182688986,28
l_04-10_04-11_10_543,1,290.00023123662,10
l_06-12_06-14_27_1144,1,249.018187779839,27
l_04-01_04-05_7_421,1,227.01170142322,7
l_03-13_03-16_4_229,3,201.013308239875,4
l_06-12_06-14_27_1320,2,130.014965379902,27
l_06-03_06-05_26_1103,1,299.986998140055,26
l_07-30_08-02_35_1617,3,113.004362416621,35
l_07-30_08-02_35_1621,3,147.004568833276,35
l_07-26_07-29_34_1509,1,119.981199573442,34
l_06-03_06-05_26_1118,3,126.996035843331,26
l_05-09_05-10_22_776,3,206.004191749933,22
l_05-09_05-10_22_735,3,55.99869296,22
l_03-10_03-12_2_152,1,110.960410123575,2
l_07-26_07-29_34_1480,3,177.985845713396,34
l_05-31_06-02_25_880,2,61.9985529199994,25
l_06-03_06-05_26_1130,3,224.994748500001,26
l_03-20_03-24_5_314,3,130.998942413316,5
l_07-26_07-29_34_1491,3,110.990409423383,34
l_06-12_06-14_27_1216,2,96.0367584497435,27
l_06-15_06-17_28_1440,3,250.989141776707,28
l_06-15_06-17_28_1355,3,52.001786249979,28
l_04-01_04-05_7_416,2,218.0099115299,7
l_07-26_07-29_34_1574,3,264.004837983259,34
l_07-26_07-29_34_1528,3,314.005670936574,34
l_04-16_04-17_16_575,1,245.000281559958,16
l_05-09_05-10_22_706,3,93.0008293099797,22
l_03-13_03-16_4_237,3,25.9993931599965,4
l_03-10_03-12_2_177,3,693.006824843178,2
l_03-20_03-24_6_402,2,314.006670913252,6
l_05-24_05-25_23_828,2,168.986055773397,23
l_04-16_04-17_16_578,3,109.998432576656,16
l_03-10_03-12_2_160,3,45.9999263366335,2
l_04-10_04-11_10_525,1,240.00339818994,10
l_04-22_04-24_17_622,3,133.99887239332,17
l_05-31_06-02_25_877,3,148.00554546994,25
l_03-01_03-03_1_18,3,7.99981328000013,1
l_07-30_08-02_35_1655,3,343.006994029914,35
l_05-24_05-25_23_814,3,201.988285483378,23
l_06-03_06-05_26_1104,3,279.987464940001,26
l_03-20_03-24_6_351,3,349.962831676879,6
l_03-13_03-16_4_283,3,111.001409166667,4
l_03-13_03-16_4_219,3,53.0027628866446,4
l_06-12_06-14_27_1326,3,130.990942600038,27
l_03-20_03-24_6_374,1,291.002207849931,6
l_05-31_06-02_25_890,1,384.03403643638,25
l_05-09_05-10_22_733,3,133.0018956633,22
l_06-15_06-17_28_1403,2,109.980432996788,28
l_03-01_03-03_1_73,3,136.001825643296,1
l_03-01_03-03_1_78,2,262.004884663242,1
l_07-26_07-29_34_1561,2,194.00747175992,34
l_03-10_03-12_2_164,3,74.9992494766484,2
l_05-09_05-10_22_756,3,188.011611706563,22
l_05-24_05-25_23_830,3,58.0016462099775,23
l_07-26_07-29_34_1556,1,128.024011849819,34
l_03-10_03-12_2_155,1,230.000631659961,2
l_06-03_06-05_26_1066,3,64.0005061933189,26
l_05-09_05-10_22_726,3,72.9982961799997,22
l_06-12_06-14_27_1271,3,279.970465336824,27
l_06-03_06-05_26_1025,1,207.020168036501,26
l_06-12_06-14_27_1219,1,343.010993936536,27
l_05-31_06-02_25_918,3,317.025600449786,25
l_07-30_08-02_35_1613,1,51.9777868101373,35
l_07-26_07-29_34_1565,3,58.0026461866364,34
l_06-15_06-17_28_1335,3,90.0018993066406,28
l_06-03_06-05_26_1117,3,204.013238219864,26
l_06-15_06-17_28_1343,3,114.000339169981,28
l_03-13_03-16_4_296,2,49.9998329766095,4
l_03-13_03-16_4_268,1,29.9992998000234,4
l_07-30_08-02_35_1665,3,85.9769932501658,35
l_04-16_04-17_16_576,1,100.997642660004,16
l_07-26_07-29_34_1594,2,252.985095190059,34
l_06-15_06-17_28_1402,3,139.992732493367,28
l_06-12_06-14_27_1241,3,316.979601523431,27
l_03-13_03-16_4_250,3,90.9988760366396,4
l_06-03_06-05_26_1081,3,119.004222376621,26
l_05-31_06-02_25_939,3,26.9933699600369,25
l_05-31_06-02_25_893,1,468.966054076824,25
l_05-31_06-02_25_967,1,130.023965169821,25
l_03-10_03-12_2_120,3,293.998137923307,2
l_06-15_06-17_28_1426,3,137.028801673121,28
l_07-30_08-02_35_1604,3,83.0100624999177,35
l_04-16_04-17_16_580,1,198.000378563309,16
l_03-10_03-12_2_176,2,60.9995762366452,2
l_03-20_03-24_6_348,1,90.0378984663985,6
l_03-20_03-24_6_395,3,163.006195346534,6
l_05-24_05-25_23_801,3,107.036501709737,23
l_06-12_06-14_27_1304,1,162.926197213819,27
l_06-03_06-05_26_1047,2,102.011618993245,26
l_03-20_03-24_6_356,3,36.9991364199959,6
l_05-09_05-10_22_707,3,310.9977411433,22
l_04-22_04-24_18_658,3,419.032219559725,18
l_07-30_08-02_35_1668,3,135.99582578335,35
l_03-10_03-12_2_98,2,97.998712656663,2
l_05-24_05-25_23_813,3,268.02174422648,23
l_04-16_04-17_16_567,2,230.002631613272,16
l_07-26_07-29_34_1503,3,104.977549766794,34
l_06-12_06-14_27_1154,3,128.978989560117,27
l_04-22_04-24_18_636,3,124.00010576997,18
l_07-26_07-29_34_1549,3,425.98205734673,34
l_05-24_05-25_23_826,2,194.015471573201,23
l_06-12_06-14_27_1322,3,166.007125303266,27
l_03-01_03-03_1_87,3,108.009478999913,1
l_05-09_05-10_22_771,3,69.9983661999868,22
l_04-22_04-24_17_604,2,320.0075308499,17
l_06-15_06-17_28_1406,2,213.000028463299,28
l_06-12_06-14_27_1272,3,157.969312910165,27
l_06-15_06-17_28_1375,3,175.995892159997,28
l_06-03_06-05_26_1071,2,36.967137166881,26
l_05-31_06-02_25_1019,2,118.005245693261,25
l_07-30_08-02_35_1685,2,36.9991364199959,35
l_05-09_05-10_22_737,2,90.0008993299789,22
l_05-31_06-02_25_904,3,229.016654626521,25
l_05-24_05-25_23_852,1,319.983531410064,23
l_07-26_07-29_34_1581,3,172.010985169851,34
l_03-13_03-16_4_234,3,48.9988563399966,4
l_05-31_06-02_25_966,2,232.0125846999,25
l_07-30_08-02_35_1657,3,355.999690773286,35
l_03-20_03-24_6_398,1,90.0078991666087,6
l_06-03_06-05_26_1036,3,72.0023194266396,26
l_05-31_06-02_25_969,2,644.021968176443,25
l_06-15_06-17_28_1362,1,416.026289719759,28
l_03-10_03-12_2_94,3,38.9990897399985,2
l_05-31_06-02_25_1005,3,689.013918039796,25
l_05-31_06-02_25_983,1,265.02481417649,25
l_05-09_05-10_22_732,3,107.003502479961,22
l_03-20_03-24_6_392,3,166.003125396615,6
l_04-10_04-11_10_522,2,254.998048206638,10
l_03-20_03-24_6_385,3,205.99719191331,6
l_04-22_04-24_17_597,2,96.99973597332,17
l_05-31_06-02_25_891,2,197.022401389821,25
l_03-01_03-03_1_42,3,157.99731225666,1
l_07-26_07-29_34_1564,1,227.019701236495,34
l_05-31_06-02_25_934,2,221.014841393204,25
l_06-03_06-05_26_1070,3,129.010988813243,26
l_06-15_06-17_28_1410,2,161.972219480143,28
l_05-24_05-25_23_807,3,126.0170586932,23
l_06-12_06-14_27_1283,1,273.96960540014,27
l_06-15_06-17_28_1367,3,268.977721913438,28
l_04-22_04-24_18_653,3,276.961535566879,18
l_03-20_03-24_6_389,1,219.004888306605,6
l_03-13_03-16_4_284,2,290.001231213275,4
l_03-20_03-24_6_393,1,112.001385826676,6
l_03-10_03-12_2_149,1,292.999161239975,2
l_06-12_06-14_27_1249,2,142.995662403337,27
l_06-15_06-17_28_1407,1,193.986472250064,28
l_05-09_05-10_22_788,3,42.9989963800035,22
l_07-26_07-29_34_1572,3,77.0062026332889,34
l_05-24_05-25_23_803,2,829.00765050982,23
l_05-09_05-10_22_787,3,161.004242073279,22
l_06-03_06-05_26_1127,3,273.988604956685,26
l_03-10_03-12_2_170,1,242.966329033487,2
l_03-10_03-12_2_197,3,14.9596508335671,2
l_06-15_06-17_28_1380,3,10.999743260003,28
l_06-03_06-05_26_1120,3,73.0192956898536,26
l_05-24_05-25_23_815,3,53.0057628166196,23
l_06-12_06-14_27_1250,3,137.008802139913,27
l_03-10_03-12_2_180,2,67.0004361733154,2
l_06-12_06-14_27_1291,1,171.988985683391,27
l_06-03_06-05_26_1051,2,156.980335993438,26
l_07-26_07-29_34_1500,2,164.984149180091,34
l_03-10_03-12_2_201,3,89.9998993533372,2
l_07-26_07-29_34_1527,3,201.983285600101,34
l_03-01_03-03_1_44,3,60.0055994366203,1
l_03-01_03-03_1_21,2,113.99733924,1
l_03-13_03-16_4_208,3,46.9989030200013,4
l_06-03_06-05_26_1080,3,699.010684709814,26
l_03-20_03-24_6_339,3,185.007681819901,6
l_06-03_06-05_26_1023,3,159.96826625352,26
l_03-01_03-03_1_81,3,153.000428886618,1
l_07-30_08-02_35_1614,3,239.019421156503,35
l_06-12_06-14_27_1254,2,156.996335620002,27
l_07-26_07-29_34_1540,3,706.993498386597,34
l_04-10_04-11_10_537,3,307.995811209985,10
l_03-10_03-12_2_175,3,151.996452319989,2
l_03-20_03-24_5_321,3,74.9592504102548,5
l_03-13_03-16_4_221,3,264.003838006603,4
l_05-31_06-02_25_1016,2,85.0160156798956,25
l_04-10_04-11_10_532,3,132.002918979961,10
l_07-26_07-29_34_1525,2,245.996258313317,34
l_06-03_06-05_26_1024,3,122.975129693479,26
l_04-22_04-24_17_606,3,229.0146546732,17
l_06-15_06-17_28_1354,2,115.004315736622,28
l_07-26_07-29_34_1499,3,145.011615349904,34
l_06-12_06-14_27_1226,2,94.0038058999635,27
l_07-30_08-02_35_1620,3,192.979495753447,35
l_04-22_04-24_18_626,3,313.002694346593,18
l_03-20_03-24_5_323,2,543.989302993316,5
l_04-22_04-24_18_640,3,105.999525913299,18
l_04-16_04-17_16_568,2,62.9995295566623,16
l_03-01_03-03_1_72,3,76.0002261133341,1
l_07-26_07-29_34_1590,3,63.0095293232589,34
l_06-03_06-05_26_1021,3,177.024868143139,26
l_05-24_05-25_23_870,2,110.993409353367,23
l_07-30_08-02_35_1659,3,312.931696003739,35
l_07-26_07-29_34_1496,3,366.968434756818,34
l_07-26_07-29_34_1560,3,250.005164743256,34
l_06-15_06-17_28_1473,3,83.9870396967453,28
l_03-01_03-03_1_25,2,17.0026031499792,1
l_04-16_04-17_16_561,2,80.9981094600007,16
l_06-15_06-17_28_1363,2,431.96891761014,28
l_06-03_06-05_26_1032,2,147.973546216819,26
l_05-24_05-25_23_829,2,656.016688213123,23
l_06-12_06-14_27_1251,2,104.99954925332,27
l_06-12_06-14_27_1315,2,12.0037198266364,27
l_05-24_05-25_23_832,2,95.9987593366604,23
l_06-12_06-14_27_1274,2,154.019405103187,27
