507074.954594321,40,2055.8,2206.4,2471.8,0,0,738605.742262206,0,0,0
507074.994593388,40,2057,2201.4,2466,0,0,738605.742262669,0,0,0
507075.034592454,40,2059,2203,2448.8,0,0,738605.742263132,0,0,0
507075.074591521,40,2055.4,2197.4,2435.4,0,0,738605.742263595,0,0,0
507075.114590587,40,2054.2,2199.4,2436.4,0,0,738605.742264058,0,0,0
507075.154589653,40,2052.8,2202,2445,0,0,738605.74226452,0,0,0
507075.19458872,40,2056.4,2195.8,2456.8,0,0,738605.742264983,0,0,0
507075.234587786,40,2050.8,2193,2465.2,0,0,738605.742265446,0,0,0
507075.274586853,40,2048.4,2193.4,2475.4,0,0,738605.742265909,0,0,0
507075.314585919,40,2051.6,2190.6,2474.4,0,0,738605.742266372,0,0,0
507075.354584985,40,2049.8,2190,2473,0,0,738605.742266835,0,0,0
507075.394584052,40,2048.4,2187.8,2468.6,0,0,738605.742267298,0,0,0
507075.434583118,40,2047.8,2182.4,2459.6,0,0,738605.742267761,0,0,0
507075.474582185,40,2047.4,2182.8,2447.4,0,0,738605.742268224,0,0,0
507075.514581251,40,2046.2,2179,2437.8,0,0,738605.742268687,0,0,0
507075.554580317,40,2050,2181.6,2427.6,0,0,738605.74226915,0,0,0
507075.594579384,40,2046.6,2180.8,2420.2,0,0,738605.742269613,0,0,0
507075.63457845,40,2045.2,2177.4,2410.2,0,0,738605.742270076,0,0,0
507075.674577517,40,2044.2,2178.8,2398.8,0,0,738605.742270539,0,0,0
507075.714576583,40,2046.8,2176.2,2394.8,0,0,738605.742271002,0,0,0
507075.754575649,40,2047.6,2175.2,2393.4,0,0,738605.742271465,0,0,0
507075.794574716,40,2044.2,2172.8,2397,0,0,738605.742271928,0,0,0
507075.834573782,40,2044.6,2167,2387.2,0,0,738605.742272391,0,0,0
507075.874572849,40,2043.2,2164.4,2384,0,0,738605.742272854,0,0,0
507075.914571915,40,2044.2,2171,2377.4,0,0,738605.742273316,0,0,0
507075.954570981,40,2044.4,2164.6,2361,0,0,738605.742273779,0,0,0
507075.994570048,40,2043.8,2162.8,2356,0,0,738605.742274242,0,0,0
507076.034569114,40,2039.8,2157,2339.2,0,0,738605.742274705,0,0,0
507076.074568181,40,2036.4,2151.6,2315.2,0,0,738605.742275168,0,0,0
507076.114567247,40,2036.8,2136.6,2271,0,0,738605.742275631,0,0,0
507076.154566313,40,2030.4,2122.2,2225,0,0,738605.742276094,0,0,0
507076.19456538,40,2022.6,2107.6,2190.8,0,0,738605.742276557,0,0,0
507076.234564446,40,2017.4,2096.8,2148.8,0,0,738605.74227702,0,0,0
507076.274563513,40,2017.8,2085.8,2112.2,0,0,738605.742277483,0,0,0
507076.314562579,40,2010.4,2075.6,2090.2,0,0,738605.742277946,0,0,0
507076.354561645,40,2008.2,2067,2075.6,0,0,738605.742278409,0,0,0
507076.394560712,40,2010,2064,2068,0,0,738605.742278872,0,0,0
507076.434559778,40,2011.2,2067.2,2065,0,0,738605.742279335,0,0,0
507076.474558845,40,2013,2071.2,2079.4,0,0,738605.742279798,0,0,0
507076.514557911,40,2012.4,2082.6,2094,0,0,738605.742280261,0,0,0
507076.554556977,40,2020.6,2086.2,2124.8,0,0,738605.742280724,0,0,0
507076.594556044,40,2025.2,2111.2,2195.8,0,0,738605.742281187,0,0,0
507076.63455511,40,2040.2,2150,2317.2,0,0,738605.74228165,0,0,0
507076.674554177,40,2055.8,2210.8,2517.8,0,0,738605.742282113,0,0,0
507076.714553243,40,2091,2310.6,2706.2,0,0,738605.742282576,0,0,0
507076.754552309,40,2130.2,2417.4,2743.8,0,0,738605.742283038,0,0,0
507076.794551376,40,2179.2,2483.6,2632,0,0,738605.742283501,0,0,0
507076.834550442,40,2206.6,2471.8,2532.4,0,0,738605.742283964,0,0,0
507076.874549509,40,2181.4,2432.6,2529.8,0,0,738605.742284427,0,0,0
507076.914548575,40,2148.2,2429,2676.4,0,0,738605.74228489,0,0,0
507076.954547641,40,2093.6,2328.2,2738,0,0,738605.742285353,0,0,0
507076.994546708,40,2056.4,2221.2,2549.6,0,0,738605.742285816,0,0,0
507077.034545774,40,2039,2142,2318.2,0,0,738605.742286279,0,0,0
507077.074544841,40,2021.6,2103,2174.6,0,0,738605.742286742,0,0,0
507077.114543907,40,2018.6,2080.6,2103.4,0,0,738605.742287205,0,0,0
507077.154542973,40,2009,2071,2069,0,0,738605.742287668,0,0,0
507077.19454204,40,2009.8,2067.2,2058.8,0,0,738605.742288131,0,0,0
507077.234541106,40,2012.8,2069.4,2067.4,0,0,738605.742288594,0,0,0
507077.274540173,40,2009.8,2076.8,2072.2,0,0,738605.742289057,0,0,0
507077.314539239,40,2014.6,2077.4,2085.6,0,0,738605.74228952,0,0,0
507077.354538305,40,2012.6,2074.8,2087.2,0,0,738605.742289983,0,0,0
507077.394537372,40,2013.4,2072.6,2090.8,0,0,738605.742290446,0,0,0
507077.434536438,40,2007.8,2076.6,2089.8,0,0,738605.742290909,0,0,0
507077.474535505,40,2007.2,2069.6,2086.6,0,0,738605.742291372,0,0,0
507077.514534571,40,2016.2,2075,2086.8,0,0,738605.742291835,0,0,0
507077.554533637,40,2011.6,2071.6,2085.6,0,0,738605.742292298,0,0,0
507077.594532704,40,2014.2,2076.8,2090.8,0,0,738605.742292761,0,0,0
507077.63453177,40,2014.8,2078.4,2087,0,0,738605.742293223,0,0,0
507077.674530837,40,2008.8,2075.4,2085.4,0,0,738605.742293686,0,0,0
507077.714529903,40,2011,2072.6,2085.8,0,0,738605.742294149,0,0,0
507077.754528969,40,2013,2075.4,2087.4,0,0,738605.742294612,0,0,0
507077.794528036,40,2011,2074.2,2084.2,0,0,738605.742295075,0,0,0
507077.834527102,40,2011,2074,2082.6,0,0,738605.742295538,0,0,0
507077.874526169,40,2010.8,2075.4,2083.6,0,0,738605.742296001,0,0,0
507077.914525235,40,2013.4,2071,2085.2,0,0,738605.742296464,0,0,0
507077.954524301,40,2013.8,2074.6,2081.2,0,0,738605.742296927,0,0,0
507077.994523368,40,2011.4,2073.4,2080.6,0,0,738605.74229739,0,0,0
507078.034522434,40,2013.4,2075,2080,0,0,738605.742297853,0,0,0
507078.074521501,40,2012.4,2069,2081,0,0,738605.742298316,0,0,0
507078.114520567,40,2014.4,2072.2,2076.6,0,0,738605.742298779,0,0,0
507078.154519633,40,2014.4,2072.4,2075,0,0,738605.742299242,0,0,0
507078.1945187,40,2011.4,2068.8,2076.4,0,0,738605.742299705,0,0,0
507078.234517766,40,2014.2,2071.4,2076.2,0,0,738605.742300168,0,0,0
507078.274516833,40,2013,2074.6,2086.6,0,0,738605.742300631,0,0,0
507078.314515899,40,2014.4,2083.8,2101.6,0,0,738605.742301094,0,0,0
507078.354514965,40,2016.8,2089,2124.8,0,0,738605.742301557,0,0,0
507078.394514032,40,2024.2,2102.8,2165,0,0,738605.742302019,0,0,0
507078.434513098,40,2028.8,2120,2220,0,0,738605.742302482,0,0,0
507078.474512165,40,2036.4,2142.4,2282.2,0,0,738605.742302945,0,0,0
507078.514511231,40,2042.4,2159.2,2340.6,0,0,738605.742303408,0,0,0
507078.554510297,40,2049,2175.6,2387.4,0,0,738605.742303871,0,0,0
507078.594509364,40,2051.4,2188.2,2411.2,0,0,738605.742304334,0,0,0
507078.63450843,40,2046,2178.8,2391.6,0,0,738605.742304797,0,0,0
507078.674507497,40,2043.4,2164.4,2355.8,0,0,738605.74230526,0,0,0
507078.714506563,40,2036.8,2138,2300.4,0,0,738605.742305723,0,0,0
507078.754505629,40,2026.2,2122.4,2222.4,0,0,738605.742306186,0,0,0
507078.794504696,40,2024.2,2102.4,2162.8,0,0,738605.742306649,0,0,0
507078.834503762,40,2018.2,2088.8,2123,0,0,738605.742307112,0,0,0
507078.874502829,40,2013,2076.6,2093.6,0,0,738605.742307575,0,0,0
507078.914501895,40,2008.8,2069,2076.2,0,0,738605.742308038,0,0,0
507078.954500961,40,2005.4,2067.4,2062,0,0,738605.742308501,0,0,0
507078.994500028,40,2008,2065.8,2062.4,0,0,738605.742308964,0,0,0
507079.034499094,40,2011.2,2069.8,2066,0,0,738605.742309427,0,0,0
507079.074498161,40,2009.2,2070.4,2068.2,0,0,738605.74230989,0,0,0
507079.114497227,40,2010.8,2072,2079.4,0,0,738605.742310353,0,0,0
507079.154496293,40,2012.8,2079,2089.8,0,0,738605.742310816,0,0,0
507079.19449536,40,2018.4,2084.6,2115.8,0,0,738605.742311279,0,0,0
507079.234494426,40,2024.2,2098.8,2150.8,0,0,738605.742311742,0,0,0
507079.274493493,40,2031.2,2114,2209.8,0,0,738605.742312204,0,0,0
507079.314492559,40,2035.4,2134.2,2280.4,0,0,738605.742312667,0,0,0
507079.354491625,40,2046.8,2170,2360.6,0,0,738605.74231313,0,0,0
507079.394490692,40,2054,2194.2,2431,0,0,738605.742313593,0,0,0
507079.434489758,40,2059.4,2208,2466.6,0,0,738605.742314056,0,0,0
507079.474488825,40,2055.4,2203.4,2459.2,0,0,738605.742314519,0,0,0
507079.514487891,40,2046.8,2182,2414.4,0,0,738605.742314982,0,0,0
507079.554486957,40,2040.2,2156.8,2354.6,0,0,738605.742315445,0,0,0
507079.594486024,40,2034.2,2138.6,2285.4,0,0,738605.742315908,0,0,0
507079.63448509,40,2025.4,2117.2,2225.4,0,0,738605.742316371,0,0,0
507079.674484157,40,2023.2,2102.8,2179.6,0,0,738605.742316834,0,0,0
507079.714483223,40,2017.2,2093.4,2140.6,0,0,738605.742317297,0,0,0
507079.754482289,40,2013.4,2082.2,2110.6,0,0,738605.74231776,0,0,0
507079.794481356,40,2014,2079,2094.6,0,0,738605.742318223,0,0,0
507079.834480422,40,2013.6,2070.8,2080.6,0,0,738605.742318686,0,0,0
507079.874479489,40,2009.8,2068.8,2070.4,0,0,738605.742319149,0,0,0
507079.914478555,40,2010.2,2067.2,2067.6,0,0,738605.742319612,0,0,0
507079.954477621,40,2009.4,2070.8,2073.8,0,0,738605.742320075,0,0,0
507079.994476688,40,2014.4,2068.2,2075,0,0,738605.742320538,0,0,0
507080.034475754,40,2011.4,2070.4,2084,0,0,738605.742321001,0,0,0
507080.074474821,40,2011.8,2081.6,2097.2,0,0,738605.742321464,0,0,0
507080.114473887,40,2011.6,2081.2,2116.6,0,0,738605.742321927,0,0,0
507080.154472953,40,2019.6,2091.6,2127.4,0,0,738605.742322389,0,0,0
507080.19447202,40,2019.2,2096.8,2158.4,0,0,738605.742322852,0,0,0
507080.234471086,40,2025.4,2104,2181,0,0,738605.742323315,0,0,0
507080.274470153,40,2030.2,2112,2211.2,0,0,738605.742323778,0,0,0
507080.314469219,40,2023.4,2119.6,2239.6,0,0,738605.742324241,0,0,0
507080.354468285,40,2031.2,2127.2,2266.4,0,0,738605.742324704,0,0,0
507080.394467352,40,2030.8,2127.6,2275,0,0,738605.742325167,0,0,0
507080.434466418,40,2029.2,2121.4,2258.8,0,0,738605.74232563,0,0,0
507080.474465485,40,2025.4,2117.6,2243,0,0,738605.742326093,0,0,0
507080.514464551,40,2023.8,2110.4,2214.6,0,0,738605.742326556,0,0,0
507080.554463617,40,2024,2103.8,2184.6,0,0,738605.742327019,0,0,0
507080.594462684,40,2018.6,2095.4,2155.4,0,0,738605.742327482,0,0,0
507080.63446175,40,2015.8,2086.6,2122,0,0,738605.742327945,0,0,0
507080.674460817,40,2011.6,2077,2104.6,0,0,738605.742328408,0,0,0
507080.714459883,40,2011.8,2076.8,2088.6,0,0,738605.742328871,0,0,0
507080.754458949,40,2013.8,2079.8,2093.6,0,0,738605.742329334,0,0,0
507080.794458016,40,2019.2,2087.4,2114.2,0,0,738605.742329797,0,0,0
507080.834457082,40,2019.6,2092.4,2148.2,0,0,738605.74233026,0,0,0
507080.874456149,40,2023.2,2108.4,2202,0,0,738605.742330723,0,0,0
507080.914455215,40,2028.2,2131,2264,0,0,738605.742331185,0,0,0
507080.954454281,40,2034.2,2144.4,2330.2,0,0,738605.742331648,0,0,0
507080.994453348,40,2038.6,2155.8,2361.2,0,0,738605.742332111,0,0,0
507081.034452414,40,2037.4,2149.2,2336.6,0,0,738605.742332574,0,0,0
507081.074451481,40,2032.6,2135.6,2301.4,0,0,738605.742333037,0,0,0
507081.114450547,40,2029.8,2125,2263.4,0,0,738605.7423335,0,0,0
507081.154449613,40,2028.4,2113,2203.4,0,0,738605.742333963,0,0,0
507081.19444868,40,2020.8,2098.2,2164.2,0,0,738605.742334426,0,0,0
507081.234447746,40,2018.2,2087.6,2127.6,0,0,738605.742334889,0,0,0
507081.274446813,40,2013.6,2079.8,2107.6,0,0,738605.742335352,0,0,0
507081.314445879,40,2013.6,2083.2,2116.8,0,0,738605.742335815,0,0,0
507081.354444945,40,2016.2,2095.2,2144.4,0,0,738605.742336278,0,0,0
507081.394444012,40,2024.6,2110,2195,0,0,738605.742336741,0,0,0
507081.434443078,40,2033.6,2125.2,2254.4,0,0,738605.742337204,0,0,0
507081.474442145,40,2034.2,2146.4,2318.2,0,0,738605.742337667,0,0,0
507081.514441211,40,2043.2,2161,2361.8,0,0,738605.74233813,0,0,0
507081.554440277,40,2045.6,2157.6,2357,0,0,738605.742338593,0,0,0
507081.594439344,40,2039,2145.2,2313.4,0,0,738605.742339056,0,0,0
507081.63443841,40,2032.4,2131.4,2267,0,0,738605.742339519,0,0,0
507081.674437477,40,2026,2112.8,2215.6,0,0,738605.742339982,0,0,0
507081.714436543,40,2024,2098.8,2177.6,0,0,738605.742340445,0,0,0
507081.754435609,40,2021,2099.4,2164,0,0,738605.742340908,0,0,0
507081.794434676,40,2024.6,2110.8,2200,0,0,738605.74234137,0,0,0
507081.834433742,40,2034.8,2133,2266.2,0,0,738605.742341833,0,0,0
507081.874432809,40,2038.6,2153.6,2362.4,0,0,738605.742342296,0,0,0
507081.914431875,40,2046.8,2186,2431.4,0,0,738605.742342759,0,0,0
507081.954430941,40,2048.8,2187.4,2453.4,0,0,738605.742343222,0,0,0
507081.994430008,40,2048.4,2176.2,2416.8,0,0,738605.742343685,0,0,0
507082.034429074,40,2039.8,2160.2,2379,0,0,738605.742344148,0,0,0
507082.074428141,40,2036,2143.6,2323,0,0,738605.742344611,0,0,0
507082.114427207,40,2029.4,2125.2,2253.6,0,0,738605.742345074,0,0,0
507082.154426273,40,2024.2,2112.6,2206.8,0,0,738605.742345537,0,0,0
507082.19442534,40,2024.8,2120.8,2230.8,0,0,738605.742346,0,0,0
507082.234424406,40,2035.8,2143.2,2320.2,0,0,738605.742346463,0,0,0
507082.274423473,40,2044,2171.6,2426.6,0,0,738605.742346926,0,0,0
507082.314422539,40,2050,2199.8,2486.6,0,0,738605.742347389,0,0,0
507082.354421605,40,2045.6,2188.6,2468.2,0,0,738605.742347852,0,0,0
507082.394420672,40,2045,2176.4,2429.6,0,0,738605.742348315,0,0,0
507082.434419738,40,2045.4,2166.4,2374,0,0,738605.742348778,0,0,0
507082.474418805,40,2032.2,2142.2,2308,0,0,738605.742349241,0,0,0
507082.514417871,40,2031.4,2122.4,2247.2,0,0,738605.742349704,0,0,0
507082.554416937,40,2021.4,2118,2221.2,0,0,738605.742350167,0,0,0
507082.594416004,40,2032.2,2130.4,2268.2,0,0,738605.74235063,0,0,0
507082.63441507,40,2036.6,2147,2348,0,0,738605.742351093,0,0,0
507082.674414137,40,2042.4,2167.2,2403,0,0,738605.742351555,0,0,0
507082.714413203,40,2039.6,2159.8,2386.6,0,0,738605.742352018,0,0,0
507082.754412269,40,2036.2,2144,2323.8,0,0,738605.742352481,0,0,0
507082.794411336,40,2032.6,2129,2269.4,0,0,738605.742352944,0,0,0
507082.834410402,40,2024.4,2114.6,2231.4,0,0,738605.742353407,0,0,0
507082.874409469,40,2031.4,2124.6,2255,0,0,738605.74235387,0,0,0
507082.914408535,40,2039.8,2146.2,2331.4,0,0,738605.742354333,0,0,0
507082.954407601,40,2043.6,2172.2,2418,0,0,738605.742354796,0,0,0
507082.994406668,40,2043.4,2179,2438,0,0,738605.742355259,0,0,0
507083.034405734,40,2041.2,2158.8,2384.2,0,0,738605.742355722,0,0,0
507083.074404801,40,2036.6,2142.2,2328.8,0,0,738605.742356185,0,0,0
507083.114403867,40,2028.8,2128.6,2268.6,0,0,738605.742356648,0,0,0
507083.154402933,40,2026.4,2121.8,2234.6,0,0,738605.742357111,0,0,0
507083.194402,40,2029.4,2133.2,2284,0,0,738605.742357574,0,0,0
507083.234401066,40,2043.2,2157.6,2362.4,0,0,738605.742358037,0,0,0
507083.274400133,40,2044,2170.2,2420.6,0,0,738605.7423585,0,0,0
507083.314399199,40,2043.8,2159.2,2382.8,0,0,738605.742358963,0,0,0
507083.354398265,40,2039.6,2142.4,2323.2,0,0,738605.742359426,0,0,0
507083.394397332,40,2032.8,2132.2,2277.8,0,0,738605.742359889,0,0,0
507083.434396398,40,2031,2127.4,2256.8,0,0,738605.742360351,0,0,0
507083.474395465,40,2032,2138.2,2293.2,0,0,738605.742360814,0,0,0
507083.514394531,40,2040.8,2160.6,2369.4,0,0,738605.742361277,0,0,0
507083.554393597,40,2042,2176.6,2419.6,0,0,738605.74236174,0,0,0
507083.594392664,40,2039.4,2168,2393.6,0,0,738605.742362203,0,0,0
507083.63439173,40,2040.6,2154.8,2336.8,0,0,738605.742362666,0,0,0
507083.674390797,40,2032.8,2135.6,2283,0,0,738605.742363129,0,0,0
507083.714389863,40,2030.6,2125.6,2244.4,0,0,738605.742363592,0,0,0
507083.754388929,40,2032,2133.6,2279.8,0,0,738605.742364055,0,0,0
507083.794387996,40,2036.6,2156.2,2352,0,0,738605.742364518,0,0,0
507083.834387062,40,2047.8,2172.8,2415.2,0,0,738605.742364981,0,0,0
507083.874386129,40,2045.4,2179,2419.4,0,0,738605.742365444,0,0,0
507083.914385195,40,2039.8,2162.6,2371.8,0,0,738605.742365907,0,0,0
507083.954384261,40,2040.6,2149,2326.8,0,0,738605.74236637,0,0,0
507083.994383328,40,2033.2,2144.2,2304.8,0,0,738605.742366833,0,0,0
507084.034382394,40,2035.8,2144.2,2329.4,0,0,738605.742367296,0,0,0
507084.074381461,40,2042.6,2161.8,2397,0,0,738605.742367759,0,0,0
507084.114380527,40,2046.2,2183.6,2443.6,0,0,738605.742368222,0,0,0
507084.154379593,40,2043,2174.4,2418.4,0,0,738605.742368685,0,0,0
507084.19437866,40,2045,2154,2353.6,0,0,738605.742369148,0,0,0
507084.234377726,40,2035,2140.8,2307.4,0,0,738605.742369611,0,0,0
507084.274376793,40,2034,2132.8,2281.6,0,0,738605.742370073,0,0,0
507084.314375859,40,2033.6,2142.6,2327.2,0,0,738605.742370536,0,0,0
507084.354374925,40,2042,2167.4,2396.4,0,0,738605.742370999,0,0,0
507084.394373992,40,2047.4,2184.6,2446.4,0,0,738605.742371462,0,0,0
507084.434373058,40,2048.6,2182.4,2439.4,0,0,738605.742371925,0,0,0
507084.474372125,40,2039.4,2169.2,2405.6,0,0,738605.742372388,0,0,0
507084.514371191,40,2035.6,2156.4,2373,0,0,738605.742372851,0,0,0
507084.554370257,40,2038.6,2155.4,2369.2,0,0,738605.742373314,0,0,0
507084.594369324,40,2040.8,2156.4,2373,0,0,738605.742373777,0,0,0
507084.63436839,40,2040,2158,2364.8,0,0,738605.74237424,0,0,0
507084.674367457,40,2038.2,2155.2,2362,0,0,738605.742374703,0,0,0
507084.71836643,44,2034.8,2150.6,2352.4,0,0,738605.742375212,0,0,0
507084.758365496,40,2036.6,2151.6,2344.4,0,0,738605.742375675,0,0,0
507084.798364562,40,2041,2147.6,2334.4,0,0,738605.742376138,0,0,0
507084.838363629,40,2037.2,2141.8,2331.2,0,0,738605.742376601,0,0,0
507084.878362695,40,2033.8,2148,2327,0,0,738605.742377064,0,0,0
507084.919361738,41,2038.4,2147.4,2316.4,0,0,738605.742377539,0,0,0
507084.959360805,40,2034.8,2142.8,2311,0,0,738605.742378002,0,0,0
507084.999359871,40,2036,2138.8,2311.4,0,0,738605.742378465,0,0,0
507085.039358937,40,2030.2,2138,2305,0,0,738605.742378927,0,0,0
507085.079358004,40,2033,2138,2296,0,0,738605.74237939,0,0,0
507085.11935707,40,2035,2131.2,2285,0,0,738605.742379853,0,0,0
507085.159356137,40,2032.6,2129.4,2256.6,0,0,738605.742380316,0,0,0
507085.199355203,40,2027.6,2113.8,2222,0,0,738605.742380779,0,0,0
507085.23935427,40,2021.8,2101.8,2177,0,0,738605.742381242,0,0,0
507085.279353336,40,2020,2092.6,2147.6,0,0,738605.742381705,0,0,0
507085.319352402,40,2017.6,2094.6,2155.6,0,0,738605.742382168,0,0,0
507085.359351469,40,2029.6,2112.6,2212.6,0,0,738605.742382631,0,0,0
507085.399350535,40,2042.2,2153.6,2327.6,0,0,738605.742383094,0,0,0
507085.440349578,41,2054.2,2203,2466.2,0,0,738605.742383569,0,0,0
507085.480348645,40,2077.4,2258,2597.2,0,0,738605.742384032,0,0,0
507085.520347711,40,2083.4,2295,2705.6,0,0,738605.742384495,0,0,0
507085.560346777,40,2085,2300.2,2755.6,0,0,738605.742384957,0,0,0
507085.600345844,40,2074.4,2269.4,2731.4,0,0,738605.74238542,0,0,0
507085.64034491,40,2063,2240.8,2662.4,0,0,738605.742385883,0,0,0
507085.680343977,40,2051.2,2205.8,2539.6,0,0,738605.742386346,0,0,0
507085.720343043,40,2041.4,2170,2393.8,0,0,738605.742386809,0,0,0
507085.760342109,40,2031.6,2134.8,2271,0,0,738605.742387272,0,0,0
507085.800341176,40,2022,2105.4,2185.8,0,0,738605.742387735,0,0,0
507085.840340242,40,2023,2104.8,2177.8,0,0,738605.742388198,0,0,0
507085.880339309,40,2034.2,2125.6,2244,0,0,738605.742388661,0,0,0
507085.920338375,40,2042.6,2155.8,2355.4,0,0,738605.742389124,0,0,0
507085.960337441,40,2055,2207.4,2487.8,0,0,738605.742389587,0,0,0
507086.000336508,40,2078.6,2262.2,2598,0,0,738605.74239005,0,0,0
507086.040335574,40,2086.8,2296.2,2682.8,0,0,738605.742390513,0,0,0
507086.080334641,40,2082.6,2298.2,2730,0,0,738605.742390976,0,0,0
507086.120333707,40,2071.6,2289.8,2742.8,0,0,738605.742391439,0,0,0
507086.160332773,40,2066.4,2252.2,2688.6,0,0,738605.742391902,0,0,0
507086.20033184,40,2058.6,2220.8,2595.2,0,0,738605.742392365,0,0,0
507086.240330906,40,2044.2,2176.4,2450.8,0,0,738605.742392828,0,0,0
507086.280329973,40,2036,2141.4,2311.4,0,0,738605.742393291,0,0,0
507086.320329039,40,2027.6,2114.4,2210.4,0,0,738605.742393753,0,0,0
507086.360328105,40,2025,2104.8,2180.6,0,0,738605.742394216,0,0,0
507086.400327172,40,2037.6,2129.8,2269,0,0,738605.742394679,0,0,0
507086.440326238,40,2048.2,2184.4,2461,0,0,738605.742395142,0,0,0
507086.480325305,40,2064.8,2260.8,2692.6,0,0,738605.742395605,0,0,0
507086.520324371,40,2095.8,2336.4,2819.6,0,0,738605.742396068,0,0,0
507086.560323437,40,2109.6,2377.8,2833.8,0,0,738605.742396531,0,0,0
507086.600322504,40,2107.4,2365,2845,0,0,738605.742396994,0,0,0
507086.64032157,40,2096.4,2340.8,2807.2,0,0,738605.742397457,0,0,0
507086.680320637,40,2083.6,2300.2,2746.2,0,0,738605.74239792,0,0,0
507086.720319703,40,2072.4,2257,2658.2,0,0,738605.742398383,0,0,0
507086.760318769,40,2055.6,2205.2,2531.2,0,0,738605.742398846,0,0,0
507086.800317836,40,2043.8,2166.2,2403.2,0,0,738605.742399309,0,0,0
507086.840316902,40,2030.8,2134,2287.8,0,0,738605.742399772,0,0,0
507086.880315969,40,2024.4,2110.6,2211,0,0,738605.742400235,0,0,0
507086.920315035,40,2019.6,2100.6,2173.4,0,0,738605.742400698,0,0,0
507086.960314101,40,2024,2105,2184,0,0,738605.742401161,0,0,0
507087.000313168,40,2034,2132.6,2258.6,0,0,738605.742401624,0,0,0
507087.040312234,40,2049,2183.2,2416.4,0,0,738605.742402087,0,0,0
507087.080311301,40,2067,2242.2,2647.2,0,0,738605.74240255,0,0,0
507087.120310367,40,2081.8,2308,2790.8,0,0,738605.742403013,0,0,0
507087.160309433,40,2091.8,2334,2824,0,0,738605.742403475,0,0,0
507087.2003085,40,2091.2,2323.4,2802.6,0,0,738605.742403938,0,0,0
507087.240307566,40,2082.2,2292.4,2740.4,0,0,738605.742404401,0,0,0
507087.280306633,40,2071.6,2262.6,2669.6,0,0,738605.742404864,0,0,0
507087.320305699,40,2060.4,2227.8,2572.8,0,0,738605.742405327,0,0,0
507087.360304765,40,2048.6,2192.6,2462.2,0,0,738605.74240579,0,0,0
507087.400303832,40,2039.6,2153.8,2347.6,0,0,738605.742406253,0,0,0
507087.440302898,40,2032.6,2123.2,2251.8,0,0,738605.742406716,0,0,0
507087.480301965,40,2026.4,2103.2,2183.4,0,0,738605.742407179,0,0,0
507087.520301031,40,2016.4,2093.2,2153.4,0,0,738605.742407642,0,0,0
507087.560300097,40,2024.2,2104.4,2165,0,0,738605.742408105,0,0,0
507087.600299164,40,2030.8,2121.6,2230.6,0,0,738605.742408568,0,0,0
507087.64029823,40,2040.8,2151.6,2318.4,0,0,738605.742409031,0,0,0
507087.680297297,40,2050.2,2195.2,2447,0,0,738605.742409494,0,0,0
507087.720296363,40,2064.6,2235.2,2579.6,0,0,738605.742409957,0,0,0
507087.760295429,40,2061.8,2248.4,2664.6,0,0,738605.74241042,0,0,0
507087.800294496,40,2062,2237.4,2647.2,0,0,738605.742410883,0,0,0
507087.840293562,40,2057.8,2225.4,2623.6,0,0,738605.742411346,0,0,0
507087.880292629,40,2054.4,2207.2,2529.4,0,0,738605.742411809,0,0,0
507087.920291695,40,2047.8,2177.4,2433.2,0,0,738605.742412272,0,0,0
507087.960290761,40,2042.2,2155.4,2335.4,0,0,738605.742412735,0,0,0
507088.000289828,40,2034.4,2131,2256.2,0,0,738605.742413198,0,0,0
507088.040288894,40,2026.8,2111.2,2198.4,0,0,738605.74241366,0,0,0
507088.080287961,40,2023,2099.4,2170.4,0,0,738605.742414123,0,0,0
507088.120287027,40,2023.8,2105.4,2183.4,0,0,738605.742414586,0,0,0
507088.160286093,40,2028.4,2111.6,2203.4,0,0,738605.742415049,0,0,0
507088.20028516,40,2029.6,2118,2247.2,0,0,738605.742415512,0,0,0
507088.240284226,40,2032.6,2132.8,2281.2,0,0,738605.742415975,0,0,0
507088.280283293,40,2036.4,2138.6,2309,0,0,738605.742416438,0,0,0
507088.320282359,40,2037.6,2143.2,2331.2,0,0,738605.742416901,0,0,0
507088.360281425,40,2035.2,2147.2,2342,0,0,738605.742417364,0,0,0
507088.400280492,40,2044,2159,2361.8,0,0,738605.742417827,0,0,0
507088.440279558,40,2045.2,2164,2395.8,0,0,738605.74241829,0,0,0
507088.480278625,40,2049.4,2186.8,2429.8,0,0,738605.742418753,0,0,0
507088.520277691,40,2059.4,2198.4,2456.4,0,0,738605.742419216,0,0,0
507088.560276757,40,2060.2,2215.4,2494,0,0,738605.742419679,0,0,0
507088.600275824,40,2064.4,2215.2,2519.8,0,0,738605.742420142,0,0,0
507088.64027489,40,2054.8,2211.2,2533.2,0,0,738605.742420605,0,0,0
507088.680273957,40,2052.8,2207.6,2536.4,0,0,738605.742421068,0,0,0
507088.720273023,40,2050.2,2205.4,2545.6,0,0,738605.742421531,0,0,0
507088.760272089,40,2047.2,2197.6,2539.4,0,0,738605.742421994,0,0,0
507088.800271156,40,2048.6,2195,2522.2,0,0,738605.742422457,0,0,0
507088.840270222,40,2048.6,2196.6,2506.4,0,0,738605.742422919,0,0,0
507088.880269289,40,2048.2,2184.8,2493.2,0,0,738605.742423382,0,0,0
507088.920268355,40,2048.2,2185.4,2475.6,0,0,738605.742423845,0,0,0
507088.960267421,40,2046.8,2186,2454,0,0,738605.742424308,0,0,0
507089.000266488,40,2049.8,2179.8,2432.8,0,0,738605.742424771,0,0,0
507089.040265554,40,2045.4,2173,2421.6,0,0,738605.742425234,0,0,0
507089.080264621,40,2042.2,2164.4,2398.6,0,0,738605.742425697,0,0,0
507089.120263687,40,2040.4,2155.8,2358.2,0,0,738605.74242616,0,0,0
507089.160262753,40,2036,2139,2309.6,0,0,738605.742426623,0,0,0
507089.20026182,40,2028.2,2126.8,2256.4,0,0,738605.742427086,0,0,0
507089.240260886,40,2021.6,2110.6,2201.8,0,0,738605.742427549,0,0,0
507089.280259953,40,2018.4,2095.4,2154.8,0,0,738605.742428012,0,0,0
507089.320259019,40,2020.4,2079.2,2118.4,0,0,738605.742428475,0,0,0
507089.360258085,40,2012.2,2073,2088,0,0,738605.742428938,0,0,0
507089.400257152,40,2010.4,2072.6,2070.8,0,0,738605.742429401,0,0,0
507089.440256218,40,2013.8,2068,2068,0,0,738605.742429864,0,0,0
507089.480255285,40,2009,2073.6,2078.6,0,0,738605.742430327,0,0,0
507089.520254351,40,2015.4,2079.4,2093.8,0,0,738605.74243079,0,0,0
507089.560253417,40,2017.6,2087.4,2119.8,0,0,738605.742431253,0,0,0
507089.600252484,40,2025.6,2101.4,2167,0,0,738605.742431716,0,0,0
507089.64025155,40,2031.2,2119.2,2225.2,0,0,738605.742432179,0,0,0
507089.680250617,40,2041,2145.8,2309.4,0,0,738605.742432641,0,0,0
507089.720249683,40,2046.2,2171.4,2382.2,0,0,738605.742433104,0,0,0
507089.760248749,40,2051.4,2187.2,2455.6,0,0,738605.742433567,0,0,0
507089.800247816,40,2051.6,2200.6,2499.6,0,0,738605.74243403,0,0,0
507089.840246882,40,2049.6,2200.4,2505,0,0,738605.742434493,0,0,0
507089.880245949,40,2046,2188.8,2478.2,0,0,738605.742434956,0,0,0
507089.920245015,40,2044.4,2177,2452,0,0,738605.742435419,0,0,0
507089.960244081,40,2043.2,2172,2426.2,0,0,738605.742435882,0,0,0
507090.000243148,40,2040.8,2155,2378.8,0,0,738605.742436345,0,0,0
507090.040242214,40,2034.6,2148.4,2322.4,0,0,738605.742436808,0,0,0
507090.080241281,40,2029.6,2129.4,2267.8,0,0,738605.742437271,0,0,0
507090.120240347,40,2029,2110.8,2218.6,0,0,738605.742437734,0,0,0
507090.160239413,40,2024,2101.2,2175,0,0,738605.742438197,0,0,0
507090.20023848,40,2024,2094.2,2139.6,0,0,738605.74243866,0,0,0
507090.240237546,40,2019.4,2087.4,2108.2,0,0,738605.742439123,0,0,0
507090.280236613,40,2013.2,2073.8,2088.2,0,0,738605.742439586,0,0,0
507090.320235679,40,2015.8,2070.6,2072.2,0,0,738605.742440049,0,0,0
507090.360234745,40,2011,2067,2062.6,0,0,738605.742440512,0,0,0
507090.400233812,40,2012.6,2071.6,2067.6,0,0,738605.742440975,0,0,0
507090.440232878,40,2010.2,2077.4,2080.4,0,0,738605.742441438,0,0,0
507090.480231945,40,2013.8,2086.2,2107.8,0,0,738605.742441901,0,0,0
507090.520231011,40,2024.2,2098.6,2153.8,0,0,738605.742442364,0,0,0
507090.560230077,40,2029,2121.4,2230,0,0,738605.742442826,0,0,0
507090.600229144,40,2039,2148.6,2329.4,0,0,738605.742443289,0,0,0
507090.64022821,40,2045.8,2190,2435.2,0,0,738605.742443752,0,0,0
507090.680227277,40,2064,2221,2530.6,0,0,738605.742444215,0,0,0
507090.720226343,40,2074,2250.8,2592,0,0,738605.742444678,0,0,0
507090.760225409,40,2072.4,2254.2,2623.8,0,0,738605.742445141,0,0,0
507090.800224476,40,2068.4,2242.6,2613,0,0,738605.742445604,0,0,0
507090.840223542,40,2060.4,2235,2602.4,0,0,738605.742446067,0,0,0
507090.880222609,40,2061.2,2229.8,2592.8,0,0,738605.74244653,0,0,0
507090.920221675,40,2056.4,2216,2577.4,0,0,738605.742446993,0,0,0
507090.960220741,40,2052,2205,2531,0,0,738605.742447456,0,0,0
507091.000219808,40,2045.2,2183,2464.2,0,0,738605.742447919,0,0,0
507091.040218874,40,2039,2160.6,2375,0,0,738605.742448382,0,0,0
507091.080217941,40,2031.2,2139.6,2296.6,0,0,738605.742448845,0,0,0
507091.120217007,40,2028,2117.8,2226.2,0,0,738605.742449308,0,0,0
507091.160216073,40,2023.6,2103.2,2174.2,0,0,738605.742449771,0,0,0
507091.20021514,40,2016.2,2093.6,2134,0,0,738605.742450234,0,0,0
507091.240214206,40,2014.4,2083.6,2105.8,0,0,738605.742450697,0,0,0
507091.280213273,40,2010,2076.2,2088,0,0,738605.74245116,0,0,0
507091.320212339,40,2007.4,2072.4,2075.2,0,0,738605.742451623,0,0,0
507091.360211405,40,2015.8,2068.4,2070.6,0,0,738605.742452085,0,0,0
507091.400210472,40,2009.6,2071.6,2077.8,0,0,738605.742452548,0,0,0
507091.440209538,40,2012.2,2076.2,2094.6,0,0,738605.742453011,0,0,0
507091.480208605,40,2016.8,2086.2,2120,0,0,738605.742453474,0,0,0
507091.520207671,40,2019.6,2098,2153.6,0,0,738605.742453937,0,0,0
507091.560206737,40,2026,2114.6,2207.8,0,0,738605.7424544,0,0,0
507091.600205804,40,2034.2,2136.4,2274.6,0,0,738605.742454863,0,0,0
507091.64020487,40,2042.8,2162,2351.8,0,0,738605.742455326,0,0,0
507091.680203937,40,2045.2,2181.6,2440.8,0,0,738605.742455789,0,0,0
507091.720203003,40,2056.2,2202.8,2513.4,0,0,738605.742456252,0,0,0
507091.760202069,40,2056.2,2220.2,2556.6,0,0,738605.742456715,0,0,0
507091.800201136,40,2060.2,2218.6,2571.2,0,0,738605.742457178,0,0,0
507091.840200202,40,2052.4,2206,2550.8,0,0,738605.742457641,0,0,0
507091.880199269,40,2056,2204.4,2538.6,0,0,738605.742458104,0,0,0
507091.920198335,40,2053.8,2202.8,2523.6,0,0,738605.742458567,0,0,0
507091.960197401,40,2051.2,2200,2508.2,0,0,738605.74245903,0,0,0
507092.000196468,40,2051.6,2198.4,2495,0,0,738605.742459493,0,0,0
507092.040195534,40,2050,2193.2,2481.4,0,0,738605.742459956,0,0,0
507092.080194601,40,2049,2191.4,2466.4,0,0,738605.742460419,0,0,0
507092.120193667,40,2051.2,2187,2448,0,0,738605.742460882,0,0,0
507092.160192733,40,2048.6,2186,2442.2,0,0,738605.742461345,0,0,0
507092.2001918,40,2050.6,2183.6,2443,0,0,738605.742461807,0,0,0
507092.240190866,40,2043.6,2180.8,2440,0,0,738605.74246227,0,0,0
507092.280189932,40,2046.6,2182.4,2437.4,0,0,738605.742462733,0,0,0
507092.320188999,40,2046.6,2175.2,2425.6,0,0,738605.742463196,0,0,0
507092.360188065,40,2042.6,2172.6,2421.2,0,0,738605.742463659,0,0,0
507092.400187132,40,2047,2176.4,2421.8,0,0,738605.742464122,0,0,0
507092.440186198,40,2045.4,2174.6,2416.8,0,0,738605.742464585,0,0,0
507092.480185265,40,2041.8,2169.4,2408,0,0,738605.742465048,0,0,0
507092.520184331,40,2043.2,2167.8,2392,0,0,738605.742465511,0,0,0
507092.560183397,40,2048,2162.6,2386.4,0,0,738605.742465974,0,0,0
507092.600182464,40,2043.2,2167.8,2381.4,0,0,738605.742466437,0,0,0
507092.64018153,40,2044.4,2165.2,2375.8,0,0,738605.7424669,0,0,0
507092.680180597,40,2044.6,2158.2,2365.4,0,0,738605.742467363,0,0,0
507092.720179663,40,2041.8,2162,2358.2,0,0,738605.742467826,0,0,0
507092.760178729,40,2041.4,2160,2349.8,0,0,738605.742468289,0,0,0
507092.800177796,40,2042.4,2158,2347,0,0,738605.742468752,0,0,0
507092.840176862,40,2043,2157.2,2341.8,0,0,738605.742469215,0,0,0
507092.880175929,40,2039.6,2150.8,2339.2,0,0,738605.742469678,0,0,0
507092.920174995,40,2037.6,2152.6,2336.6,0,0,738605.742470141,0,0,0
507092.960174061,40,2040.4,2148.2,2334.8,0,0,738605.742470604,0,0,0
507093.000173128,40,2038.4,2147.2,2326.4,0,0,738605.742471067,0,0,0
507093.040172194,40,2040.6,2139.6,2321.6,0,0,738605.74247153,0,0,0
507093.080171261,40,2036.4,2150,2313.2,0,0,738605.742471992,0,0,0
507093.120170327,40,2037.8,2140.4,2306.6,0,0,738605.742472455,0,0,0
507093.160169393,40,2038.4,2142.6,2297.2,0,0,738605.742472918,0,0,0
507093.20016846,40,2037,2140.8,2296.6,0,0,738605.742473381,0,0,0
507093.240167526,40,2037.2,2136.6,2293.8,0,0,738605.742473844,0,0,0
507093.280166593,40,2033,2132.8,2288.6,0,0,738605.742474307,0,0,0
507093.320165659,40,2038.6,2129.4,2286.6,0,0,738605.74247477,0,0,0
507093.360164725,40,2038.4,2131.6,2280.2,0,0,738605.742475233,0,0,0
507093.400163792,40,2036.2,2133,2274,0,0,738605.742475696,0,0,0
