245576.455,40,2590.8,3045.6,2391
245576.495,40,2578.6,3050.2,2394.6
245576.535,40,2573.8,3057,2402.2
245576.575,40,2567.6,3060.4,2407.8
245576.615,40,2554,3064,2415.4
245576.655,40,2553,3067.6,2421.2
245576.695,40,2543.4,3074,2430
245576.735,40,2536.6,3077.4,2434.2
245576.775,40,2530.8,3089.6,2441.6
245576.815,40,2525,3099.2,2450.4
245576.855,40,2517.4,3100.6,2451.8
245576.895,40,2513.8,3102,2461
245576.935,40,2506.4,3114.6,2464.4
245576.975,40,2501.6,3127.2,2476.8
245577.015,40,2501.2,3142.8,2481.2
245577.055,40,2527.2,3152,2476.4
245577.095,40,2581.4,3172.4,2444
245577.135,40,2701.2,3200.4,2397
245577.175,40,2869.2,3181.2,2340
245577.215,40,3070.4,3093.6,2286.2
245577.255,40,3272.8,2946,2232.6
245577.295,40,3430.2,2789.8,2185.2
245577.335,40,3510,2662.4,2162
245577.375,40,3554.8,2582.4,2139.4
245577.415,40,3519.6,2514.2,2125
245577.455,40,3468.2,2484.8,2117.4
245577.495,40,3450.6,2485.2,2115.2
245577.535,40,3448.4,2500.4,2122.2
245577.575,40,3417.6,2515.6,2124.8
245577.615,40,3396,2536,2132.8
245577.655,40,3372.8,2543,2135.4
245577.695,40,3348.6,2564.2,2141
245577.735,40,3341.2,2578.6,2145.8
245577.775,40,3326.4,2599.6,2147.2
245577.815,40,3314,2616.2,2153
245577.855,40,3297,2645,2160.8
245577.895,40,3281,2669.8,2164.4
245577.935,40,3258.8,2700.8,2173
245577.975,40,3196.6,2764.2,2193.2
245578.015,40,3100,2835.8,2214.4
245578.055,40,3016.8,2927,2244.2
245578.095,40,2970.2,3039.4,2276
245578.135,40,2985.8,3108.6,2292
245578.175,40,3128.4,3119.2,2271.8
245578.215,40,3307.4,3041,2236.2
245578.255,40,3454.8,2891.6,2197.2
245578.295,40,3584.4,2749.2,2166.2
245578.335,40,3586.8,2629.2,2137.8
245578.375,40,3507.6,2537.8,2126
245578.415,40,3502.4,2482.6,2115.4
245578.455,40,3561,2457,2105
245578.495,40,3546.4,2445.8,2106.6
245578.535,40,3574.6,2452.6,2110.4
245578.575,40,3535,2476.6,2111.2
245578.615,40,3502.8,2504,2122
245578.655,40,3440.2,2516,2125.8
245578.695,40,3386.8,2531,2128.4
245578.735,40,3343.4,2543,2131.2
245578.775,40,3320,2558.4,2140.6
245578.815,40,3272.4,2585,2148.2
245578.855,40,3210,2616.6,2155.2
245578.895,40,3122.6,2666.4,2178
245578.935,40,3053.2,2735.4,2198.4
245578.975,40,3009.6,2786,2216.8
245579.015,40,3045.2,2784,2210
245579.055,40,3142.2,2745.6,2191
245579.095,40,3278,2678.2,2167.2
245579.135,40,3416.8,2609.2,2146.2
245579.175,40,3513.4,2523.4,2120.4
245579.215,40,3524.6,2451,2104.6
245579.255,40,3463.8,2397.2,2095.6
245579.295,40,3304.6,2357.6,2089.6
245579.335,40,3231.2,2347.8,2092.4
245579.375,40,3295.4,2345,2088
245579.415,40,3455.6,2378.6,2092.2
245579.455,40,3474.2,2396.8,2091.8
245579.495,40,3443.4,2417.6,2101.4
245579.535,40,3398.4,2426.4,2100.6
245579.575,40,3374.4,2440,2109
245579.615,40,3338.4,2455,2115
245579.655,40,3316.6,2464,2111
245579.695,40,3292.6,2480.4,2116.2
245579.735,40,3254.8,2496,2123
245579.775,40,3234.2,2530.6,2135.4
245579.815,40,3202.8,2590.2,2149
245579.855,40,3150,2675.4,2176.4
245579.895,40,3091.6,2797,2206.8
245579.935,40,3021.4,2928.6,2245.8
245579.975,40,2961,2992.2,2270.4
245580.015,40,3025.4,2956.2,2249.2
245580.055,40,3193,2849,2210.6
245580.095,40,3324.4,2715.8,2175.6
245580.135,40,3378.8,2592.8,2144.4
245580.175,40,3339.8,2489,2122.2
245580.215,40,3244.2,2417,2111
245580.255,40,3143.4,2374,2100.4
245580.295,40,3061.4,2340.6,2091.2
245580.335,40,3002.6,2334.2,2091
245580.375,40,2995.8,2339.8,2097
245580.415,40,3013.8,2362.4,2101
245580.455,40,3028.2,2377.8,2110
245580.495,40,3035.4,2387.8,2111.6
245580.535,40,3048.4,2404.4,2116.4
245580.575,40,3056.6,2429.6,2121
245580.615,40,3060.6,2459.8,2132.4
245580.655,40,3067.6,2510.4,2140.4
245580.695,40,3069,2589,2161.8
245580.735,40,3058.4,2739.8,2200
245580.775,40,2985.2,2944.2,2248.8
245580.815,40,2877.8,3082.6,2299.8
245580.855,40,2915.8,3128.4,2305.6
245580.895,40,3087,3031,2254.8
245580.935,40,3310.8,2898.2,2208.4
245580.975,40,3493.8,2740.6,2164.4
245581.015,40,3542.2,2590.2,2130
245581.055,40,3547.6,2479,2117
245581.095,40,3343.6,2399.6,2101.8
245581.135,40,3252,2369,2090.8
245581.175,40,3220.8,2351.6,2088.4
245581.215,40,3221.8,2365.2,2094.8
245581.255,40,3218.8,2391.8,2097.6
245581.295,40,3214.6,2391.2,2104.2
245581.335,40,3184.6,2403.2,2103.8
245581.375,40,3189.8,2411.6,2105.8
245581.415,40,3192.2,2423,2107.6
245581.455,40,3182.2,2430.8,2114.4
245581.495,40,3179.8,2439.8,2115
245581.535,40,3151.8,2447.6,2115.4
245581.575,40,3180.2,2458.2,2119.2
245581.615,40,3198.8,2489.6,2128.6
245581.655,40,3227.6,2540.8,2131.8
245581.695,40,3256.6,2643,2155.6
245581.735,40,3204,2786,2194.8
245581.775,40,3060.2,2944.8,2238.2
245581.815,40,2929.8,3098,2292.4
245581.855,40,2950.2,3132.2,2302.4
245581.895,40,3228.8,3024.8,2239.8
245581.935,40,3413.4,2777.4,2183
245581.975,40,3583.6,2612.6,2139.8
245582.015,40,3604.8,2494.8,2113.6
245582.055,40,3463,2413.6,2100.2
245582.095,40,3360.4,2365.6,2090.6
245582.135,40,3370.8,2343.6,2080.4
245582.175,40,3379,2346.6,2085
245582.215,40,3409.4,2352.2,2083.6
245582.255,40,3433.6,2372.2,2090.8
245582.295,40,3467.8,2384.2,2089
245582.335,40,3502.8,2399.6,2090
245582.375,40,3527,2421.8,2094.8
245582.415,40,3537.4,2438.8,2102.8
245582.455,40,3553.8,2470.4,2106.8
245582.495,40,3567.4,2527,2115
245582.535,40,3562.8,2622.2,2135
245582.575,40,3517.4,2767.4,2165.4
245582.615,40,3395.2,2964,2205.8
245582.655,40,3169,3225,2275
245582.695,40,2888.6,3504.2,2387.8
245582.735,40,2642.4,3683.2,2544.4
245582.775,40,2569.8,3760.4,2631.2
245582.815,40,2759.8,3803.4,2510
245582.855,40,3162.2,3556.2,2350.8
245582.895,40,3562,3098.2,2236.2
245582.935,40,3764.8,2763.6,2171.4
245582.975,40,3716.6,2556.2,2124.2
245583.015,40,3589.6,2430.8,2100.2
245583.055,40,3426.2,2361.6,2082.4
245583.095,40,3359.2,2326.8,2076
245583.135,40,3334.8,2315.8,2073.4
245583.175,40,3345.8,2334.8,2080.2
245583.215,40,3413.6,2360.2,2087.4
245583.255,40,3425.8,2385.4,2089.2
245583.295,40,3458.6,2420.4,2096.6
245583.335,40,3477.8,2465.8,2105.2
245583.375,40,3491.6,2535.6,2118.4
245583.415,40,3483.8,2635.4,2143.6
245583.455,40,3438.4,2772.8,2165
245583.495,40,3338.8,2943.2,2207.6
245583.535,40,3148,3177.6,2268.4
245583.575,40,2894.6,3449.6,2373.4
245583.615,40,2621,3652.2,2554.4
245583.655,40,2396.8,3572,2817.8
245583.695,40,2267.4,3382.4,3109.2
245583.735,40,2261.4,3452.2,3196.4
245583.775,40,2396.6,3837.6,2949.2
245583.815,40,2694,3923.6,2613
245583.855,40,3131.8,3637,2387.6
245583.895,40,3559.8,3212.8,2264
245583.935,40,3739.2,2869.6,2187.4
245583.975,40,3788.2,2664.4,2147.8
245584.015,40,3713.6,2539,2120.8
245584.055,40,3656.8,2475.2,2106.8
245584.095,40,3573.4,2455.4,2106.4
245584.135,40,3594.6,2476.4,2108.6
245584.175,40,3627.6,2523.8,2118.8
245584.215,40,3645.2,2570.6,2131.6
245584.255,40,3614.8,2615.2,2138
245584.295,40,3625.4,2686.8,2146.2
245584.335,40,3580.6,2783.2,2167.8
245584.375,40,3436,2915.2,2194.6
245584.415,40,3250.2,3098.2,2241.6
245584.455,40,3069.6,3300.8,2304
245584.495,40,2863.4,3516.4,2400.6
245584.535,40,2636.4,3705.4,2551
245584.575,40,2428.2,3709,2800
245584.615,40,2291.2,3531.8,3139.6
245584.655,40,2229.6,3260,3259.2
245584.695,40,2306.8,3522.2,3098.8
245584.735,40,2550.4,3921,2756.4
245584.775,40,2959.6,3849.6,2474.2
245584.815,40,3414,3484.2,2322.4
245584.855,40,3681.8,3109.2,2229.8
245584.895,40,3797.8,2886.6,2180
245584.935,40,3823,2752.6,2153.8
245584.975,40,3807.2,2700.2,2146
245585.015,40,3816.8,2695.2,2147.4
245585.055,40,3806.6,2737.6,2151.6
245585.095,40,3815.4,2797.6,2158.4
245585.135,40,3813.4,2853.4,2166.4
245585.175,40,3794,2893.4,2175.4
245585.215,40,3753.4,2954.6,2187
245585.255,40,3692.4,3039.4,2200
245585.295,40,3563.6,3184.2,2235
245585.335,40,3335.8,3386.8,2283.2
245585.375,40,3031.4,3633.8,2371.4
245585.415,40,2749.6,3800.6,2502.4
245585.455,40,2495.2,3813.2,2735.2
245585.495,40,2309.4,3591.6,3074.4
245585.535,40,2203.4,3229.2,3373.8
245585.575,40,2195.6,3084.6,3292.4
245585.615,40,2264.2,3468.6,3238.4
245585.655,40,2428.2,3833.2,2928.8
245585.695,40,2703.6,3955.2,2636
245585.735,40,3065,3784.2,2438.6
245585.775,40,3401.2,3480.8,2320
245585.815,40,3594.6,3190.6,2241.6
245585.855,40,3708.4,2990.6,2200.2
245585.895,40,3732,2881.6,2182.6
245585.935,40,3747.2,2863,2181.4
245585.975,40,3734.8,2896.2,2185.8
245586.015,40,3729.2,2980,2196.2
245586.055,40,3709.8,3023,2203.8
245586.095,40,3689.2,3060.2,2209.4
245586.135,40,3647.8,3105.6,2222.6
245586.175,40,3573.2,3175.6,2235.2
245586.215,40,3473.8,3286.6,2265.8
245586.255,40,3248.6,3440.6,2313
245586.295,40,2979.6,3665.8,2400.2
245586.335,40,2672.4,3775.4,2545.6
245586.375,40,2450.2,3736,2762.4
245586.415,40,2305.4,3468.4,3033.2
245586.455,40,2229.8,3329.4,3300.6
245586.495,40,2244.6,3415.4,3276.8
245586.535,40,2375.8,3822.6,3013.4
245586.575,40,2625.2,3894,2667.2
245586.615,40,2993.4,3690.6,2438.2
245586.655,40,3398.8,3341,2300.8
245586.695,40,3657.6,2964.6,2211.8
245586.735,40,3791.4,2708.4,2154.4
245586.775,40,3751.6,2529.8,2122.2
245586.815,40,3623,2418.2,2097.4
245586.855,40,3456.4,2342.2,2087.4
245586.895,40,3340.6,2310.4,2072.8
245586.935,40,3269.6,2298.8,2072.4
245586.975,40,3278.6,2298.2,2078.8
245587.015,40,3320.6,2321.6,2078.2
245587.055,40,3367.6,2341.2,2079.4
245587.095,40,3419.6,2380,2084
245587.135,40,3469.2,2425.2,2097.4
245587.175,40,3535.6,2495.6,2111.6
245587.215,40,3541.4,2576.8,2122.6
245587.255,40,3512.2,2683.2,2145.2
245587.295,40,3406,2836,2185.2
245587.335,40,3217.2,3056.4,2242.4
245587.375,40,2975.2,3311.6,2328.2
245587.415,40,2740.8,3474.2,2442
245587.455,40,2629.8,3529.2,2510.2
245587.495,40,2738.8,3505.8,2452.2
245587.535,40,3036.6,3380,2339.6
245587.575,40,3327.6,3014.6,2242.8
245587.615,40,3563.4,2739.6,2174.4
245587.655,40,3543.2,2532.8,2133
245587.695,40,3282.4,2380.8,2103.2
245587.735,40,3076,2292.2,2078.6
245587.775,40,2903.8,2240.4,2071
245587.815,40,2772.4,2212.2,2060.2
245587.855,40,2702.6,2198.6,2060
245587.895,40,2672.2,2197.4,2059.6
245587.935,40,2721.8,2205.8,2062.4
245587.975,40,2809.8,2233.6,2068
245588.015,40,2908.8,2272,2075.8
245588.055,40,2972.2,2314,2088.2
245588.095,40,3050.8,2367.4,2103
245588.135,40,3096.8,2447,2124.2
245588.175,40,3094.8,2552.8,2149.6
245588.215,40,3030.4,2675.4,2184
245588.255,40,2903,2814.6,2236.6
245588.295,40,2749.6,2933.6,2303.6
245588.335,40,2618.2,3014.2,2370.8
245588.375,40,2543,3053.2,2426.4
245588.415,40,2565.4,3046.2,2408.8
245588.455,40,2690.2,2988.2,2342.6
245588.495,40,2890.8,2919,2275.4
245588.535,40,3092,2791.6,2219.6
245588.575,40,3240,2654.6,2172.8
245588.615,40,3334.8,2552.8,2142.4
245588.655,40,3330,2460,2119.8
245588.695,40,3312.8,2404.2,2105.6
245588.735,40,3299.4,2372.6,2091.8
245588.775,40,3261.4,2350.2,2089
245588.815,40,3257.8,2357.4,2093.2
245588.855,40,3278.8,2383.6,2093.4
245588.895,40,3294.2,2407.4,2103.8
245588.935,40,3283.8,2429,2103
245588.975,40,3272,2457.8,2115.2
245589.015,40,3270,2499,2124
245589.055,40,3246.8,2552.2,2134.6
245589.095,40,3243,2644.4,2157
245589.135,40,3180.8,2761,2188.8
245589.175,40,3072.2,2918.2,2229.2
245589.215,40,2906.8,3071.8,2295
245589.255,40,2740.2,3198.6,2363.4
245589.295,40,2633.6,3248.6,2435.2
245589.335,40,2619.4,3227,2434.2
245589.375,40,2762.2,3184.6,2368
245589.415,40,2986.4,3053.2,2290.8
245589.455,40,3256.6,2886,2220.8
245589.495,40,3419.8,2702.4,2172.4
245589.535,40,3496,2556.4,2133.2
245589.575,40,3362.6,2437.6,2108.6
245589.615,40,3290.8,2372.8,2096.4
245589.655,40,3199.4,2335.4,2082.6
245589.695,40,3140,2304,2078.6
245589.735,40,3122,2305.4,2079.4
245589.775,40,3151.8,2317.8,2085.6
245589.815,40,3183.2,2347,2090.4
245589.855,40,3201,2369.4,2098.2
245589.895,40,3186.8,2391.4,2098.2
245589.935,40,3175.2,2417.6,2110.8
245589.975,40,3180.6,2464.6,2120
245590.015,40,3145.4,2524.8,2133.8
245590.055,40,3129,2637.2,2165.6
245590.095,40,3053.8,2765.2,2205.4
245590.135,40,2895.8,2888,2254.2
245590.175,40,2730.8,2977.4,2316.2
245590.215,40,2616.2,3038.8,2381.4
245590.255,40,2583,3050.6,2400.8
245590.295,40,2691,3020.4,2344.4
245590.335,40,2831,2885,2274.4
245590.375,40,2999,2759.2,2220.8
245590.415,40,3129.8,2631.8,2180
245590.455,40,3188.4,2530,2143.6
245590.495,40,3150.6,2441,2117.2
245590.535,40,3122.6,2385.2,2103.4
245590.575,40,3085.2,2352.8,2093.8
245590.615,40,3065.2,2332.6,2090.8
245590.655,40,3072.6,2338,2093.8
245590.695,40,3094.6,2362.2,2096.4
245590.735,40,3121.8,2381.6,2103.2
245590.775,40,3146,2399.8,2107.6
245590.815,40,3149.6,2418,2114.8
245590.855,40,3164,2451,2119
245590.895,40,3168.8,2490.8,2133.2
245590.935,40,3143.8,2545.2,2148.4
245590.975,40,3078.8,2627.6,2166.8
245591.015,40,3012.4,2732.4,2196
245591.055,40,2891,2826,2236.4
245591.095,40,2736.6,2904.2,2292.8
245591.135,40,2606.2,2980.4,2364.2
245591.175,40,2495.8,2980.4,2420
245591.215,40,2454.8,2975.2,2451.2
245591.255,40,2533.4,2979.8,2404
245591.295,40,2698,2916.8,2323.2
245591.335,40,2855,2835.2,2263
245591.375,40,2945.2,2718,2222.2
245591.415,40,2987.2,2637.6,2188.8
245591.455,40,2988,2601.4,2181.2
245591.495,40,2967.4,2615.4,2186.6
245591.535,40,2929.8,2672.6,2203
245591.575,40,2896.2,2717.8,2220.8
245591.615,40,2844.6,2772.6,2238.2
245591.655,40,2788,2823.6,2269.4
245591.695,40,2722.8,2901.4,2297.8
245591.735,40,2655.8,3001.8,2348
245591.775,40,2582.4,3094.2,2419
245591.815,40,2506.8,3137.8,2479.4
245591.855,40,2458,3174.2,2531.2
245591.895,40,2455,3197,2541.8
245591.935,40,2535.2,3239,2496.4
245591.975,40,2690.8,3230.2,2415.6
245592.015,40,2917.2,3170,2334.8
245592.055,40,3179.6,3047.4,2263
245592.095,40,3401.8,2881,2211.4
245592.135,40,3481.6,2727.2,2179
245592.175,40,3512,2626.2,2153.4
245592.215,40,3569.4,2570.2,2134
245592.255,40,3551,2534.8,2127.6
245592.295,40,3544.8,2532.4,2129
245592.335,40,3544.4,2564.2,2132.6
245592.375,40,3516.2,2605.2,2141.8
245592.415,40,3443.2,2645.2,2159.2
245592.455,40,3360.6,2700.6,2169.2
245592.495,40,3237.8,2760.6,2192.8
245592.535,40,3080.8,2846.4,2224
245592.575,40,2910.2,2955,2264
245592.615,40,2736,3067.8,2338
245592.655,40,2591,3096.6,2405.8
245592.695,40,2513.8,3119.2,2461
245592.735,40,2529.2,3088,2446.4
245592.775,40,2657.8,3071,2382
245592.815,40,2843,3013,2311
245592.855,40,3062.8,2910.6,2248.4
245592.895,40,3252,2772.6,2202.8
245592.935,40,3426.8,2665.6,2169.4
245592.975,40,3449.6,2561.2,2135
245593.118,143,3498.8,2448.2,2105.4
245593.158,40,3493.6,2476.4,2116.4
245593.198,40,3481.4,2504.4,2119.6
245593.238,40,3449.8,2525,2123.6
245593.278,40,3410.2,2565,2134.6
245593.318,40,3370.8,2619,2150
245593.358,40,3272,2689.8,2167.8
245593.398,40,3178.2,2784.2,2196.8
245593.438,40,3027.8,2911.6,2237.2
245593.478,40,2926.4,3103,2299.6
245593.518,40,2743.2,3243.6,2380.8
245593.558,40,2574.4,3326.4,2489.4
245593.598,40,2449,3339.2,2612.8
245593.638,40,2395.4,3330.2,2693
245593.678,40,2454.6,3397.6,2643.6
245593.718,40,2646.4,3412.4,2490.4
245593.758,40,2963.6,3332.4,2361.2
245593.798,40,3254.2,3080.2,2262.4
245593.838,40,3418.8,2842.8,2204.4
245593.878,40,3438,2663.4,2164.8
245593.918,40,3443,2551.4,2136.8
245593.958,40,3416.6,2476.8,2115.2
245593.998,40,3321.6,2423.4,2107.4
245594.038,40,3312,2400,2097.2
245594.078,40,3284.4,2395.2,2100.2
245594.118,40,3271.2,2415.8,2106.2
245594.158,40,3256.2,2431.6,2111
245594.198,40,3234.6,2457,2120.2
245594.238,40,3191.2,2465,2120
245594.278,40,3168.4,2482.6,2128.2
245594.318,40,3177.6,2512,2133.6
245594.358,40,3202.2,2568,2146.6
245594.398,40,3174.8,2638.8,2162.2
245594.438,40,3116.8,2743.6,2190.4
245594.478,40,3032.6,2910.6,2236.6
245594.518,40,2871.2,3067.4,2297.2
245594.558,40,2719.2,3177,2373.4
245594.598,40,2650.6,3193.2,2409.8
245594.638,40,2772.2,3168.2,2357
245594.678,40,3016.4,3023.8,2274.4
245594.718,40,3360.2,2878.4,2212.2
245594.758,40,3499.8,2686.6,2166.4
245594.798,40,3627,2572.2,2130.4
245594.838,40,3557.8,2477.6,2109.2
245594.878,40,3466.2,2418.8,2103.2
245594.918,40,3244.8,2370.4,2093.8
245594.958,40,3189.4,2360.4,2091
245594.998,40,3356.2,2396.6,2092.8
245595.038,40,3446.2,2446.6,2101
245595.078,40,3549,2507.6,2107.4
245595.118,40,3589.2,2582.6,2123.8
245595.158,40,3588.6,2682.2,2143.2
245595.198,40,3523.6,2822.8,2172.4
245595.238,40,3387.8,3016.2,2216.8
245595.278,40,3168.6,3269.2,2287.4
245595.318,40,2875.2,3538.2,2399.2
245595.358,40,2601.2,3669.6,2577.6
245595.398,40,2397.4,3596.2,2807.4
245595.438,40,2307.2,3467.6,2982.2
245595.478,40,2346.2,3539.4,2923.2
245595.518,40,2545.6,3834.4,2707.2
245595.558,40,2862.2,3595.6,2458.4
245595.598,40,3289,3333.4,2316
245595.638,40,3596.6,3010.8,2227.4
245595.678,40,3660.4,2765.6,2166.2
245595.718,40,3744.8,2624,2138.2
245595.758,40,3670.8,2535.2,2116.6
245595.798,40,3643.8,2480.4,2108.4
245595.838,40,3599.2,2465,2102.4
245595.878,40,3644.6,2486.8,2103.8
245595.918,40,3664.8,2528.4,2116
245595.958,40,3672.6,2569.4,2125
245595.998,40,3620.8,2612.2,2128
245596.038,40,3583.4,2668.2,2145.4
245596.078,40,3510.6,2785,2169.2
245596.118,40,3373.2,2953,2207.6
245596.158,40,3162.4,3193.4,2276.6
245596.198,40,2885.8,3473.6,2381.8
245596.238,40,2609,3618,2557
245596.278,40,2427.6,3636.6,2777.6
245596.318,40,2402.4,3652.8,2849.4
245596.358,40,2604.4,3852.8,2662.6
245596.398,40,2984.6,3764.6,2443.4
245596.438,40,3376.8,3328.6,2300.2
245596.478,40,3608.2,2981.4,2212
245596.518,40,3682.8,2760.6,2167.4
245596.558,40,3718.6,2634,2140.4
245596.598,40,3723,2578.2,2125.8
245596.638,40,3731.4,2553.4,2121
245596.678,40,3679,2569.2,2126.2
245596.718,40,3641.4,2620.4,2138
245596.758,40,3616.4,2646,2144
245596.798,40,3529,2673.6,2153.4
245596.838,40,3493.2,2699.8,2159
245596.878,40,3500.6,2744.4,2166.8
245596.918,40,3485,2789.4,2182.4
245596.958,40,3435.6,2866.4,2189.8
245596.998,40,3327.4,2985,2216.8
245597.038,40,3192.6,3203.8,2274
245597.078,40,2999.6,3457.2,2347.4
245597.118,40,2757.6,3697,2471.2
245597.158,40,2521.8,3745.6,2671.6
245597.198,40,2396,3779.8,2915.2
245597.238,40,2386.2,3776.8,2945.6
245597.278,40,2566.2,3916.4,2705.8
245597.318,40,2979,3786.6,2443.8
245597.358,40,3493.2,3358,2286.8
245597.398,40,3748.2,2977,2201.4
245597.438,40,3770.2,2777,2163.2
245597.478,40,3771.4,2691.6,2149.4
245597.518,40,3701.6,2704,2155.6
245597.558,40,3613.4,2783.6,2167.4
245597.598,40,3540.2,2900.2,2195.2
245597.638,40,3266.6,3101.2,2249.2
245597.678,40,2916.4,3376,2354.4
245597.718,40,2608.2,3552.8,2534.6
245597.758,40,2430.4,3521.4,2724.4
245597.798,40,2443.6,3678,2769.4
245597.838,40,2652.4,3784.2,2599.2
245597.878,40,2978.8,3557.2,2411.6
245597.918,40,3268.6,3250,2304.4
245597.958,40,3423,3054.6,2245.8
245597.998,40,3428.4,2961.8,2227
245598.038,40,3388.2,2971.4,2229.8
245598.078,40,3313.6,3099.6,2259.2
245598.118,40,3173.6,3191.8,2294.4
245598.158,40,2979.8,3363.8,2357
245598.198,40,2715.6,3499.8,2470.2
245598.238,40,2479.8,3459.2,2626.6
245598.278,40,2378.2,3404.8,2756
245598.318,40,2419.2,3430,2701
245598.358,40,2635.6,3602.6,2549.8
245598.398,40,2911.8,3354.2,2382.2
245598.438,40,3229.2,3214.6,2296.6
245598.478,40,3365.4,3070.8,2255.8
245598.518,40,3376.6,3044.6,2247.6
245598.558,40,3278.2,3097.4,2267.2
245598.598,40,3171.8,3227.2,2303.6
245598.638,40,3010,3364,2354.6
245598.678,40,2764,3485.4,2461.4
245598.718,40,2534.8,3549.2,2617.2
245598.758,40,2388.2,3408.2,2739
245598.798,40,2400.2,3407.6,2718.8
245598.838,40,2576.4,3575.2,2591.6
245598.878,40,2850.6,3431,2415.8
245598.918,40,3189.4,3237.4,2306.4
245598.958,40,3392.2,3033,2249.8
245598.998,40,3444.2,2931.8,2215.6
245599.038,40,3406.4,2921.6,2212.6
245599.078,40,3393,3014.6,2235.4
245599.118,40,3319.6,3134.6,2262.8
245599.158,40,3113,3335.4,2325.8
245599.198,40,2814,3521.4,2430.2
245599.238,40,2538.2,3527.2,2587.2
245599.278,40,2405.2,3515.8,2755.4
245599.318,40,2417.6,3557,2781.2
245599.358,40,2604.2,3730.2,2614.2
245599.398,40,2952.8,3662,2423.2
245599.438,40,3349.6,3436.2,2310.8
245599.478,40,3535.2,3178.2,2247.8
245599.518,40,3591,3079,2225.6
245599.558,40,3568,3092,2231.2
245599.598,40,3449.2,3236.2,2262
245599.638,40,3265.2,3429.2,2310.8
245599.678,40,2995.4,3664.4,2399
245599.718,40,2654.2,3705.4,2553
245599.758,40,2428.4,3578.6,2746.2
245599.798,40,2327.8,3431,2908.4
245599.838,40,2387.8,3581.6,2827.2
245599.878,40,2652.4,3848,2605.2
245599.918,40,3013,3575.8,2400.2
245599.958,40,3355.2,3247.6,2284.8
245599.998,40,3482.8,3068.4,2238.2
245600.038,40,3465.4,3004.2,2222.2
245600.078,40,3422.2,3089.6,2238.8
245600.118,40,3287.4,3232.6,2279.4
245600.158,40,3101.4,3418.2,2339.4
245600.198,40,2786.6,3524.4,2438.2
245600.238,40,2509.6,3481.2,2604.2
245600.278,40,2337.2,3339.8,2812
245600.318,40,2257.6,3181.6,2950.2
245600.358,40,2287.2,3181.4,2863
245600.398,40,2436.8,3641.6,2792.4
245600.438,40,2673.4,3621.6,2554
245600.478,40,2973.8,3492.4,2400.8
245600.518,40,3251.2,3325.2,2316
245600.558,40,3374.4,3135.4,2257.8
245600.598,40,3469.2,3015.2,2225.8
245600.638,40,3472.8,3015,2223.8
245600.678,40,3415.8,3108.2,2241.2
245600.718,40,3304.2,3225,2273.2
245600.758,40,3124.4,3377.8,2322.8
245600.798,40,2893.6,3482.8,2396.8
245600.838,40,2645,3589.2,2529
245600.878,40,2432.2,3536.4,2727.8
245600.918,40,2288.4,3332.8,2970.4
245600.958,40,2204.2,3066.4,3157.6
245600.998,40,2195,2845.8,2989.6
245601.038,40,2227.8,3135.2,3113.8
245601.078,40,2354.4,3444.2,2909.2
245601.118,40,2566.8,3600.4,2662.2
245601.158,40,2842.6,3556.8,2483
245601.198,40,3084.6,3370.2,2359
245601.238,40,3264,3185.8,2285.2
245601.278,40,3353.8,2987.4,2239.4
245601.318,40,3459.4,2893.2,2210.2
245601.358,40,3500,2822.8,2188.2
245601.398,40,3517.4,2803.4,2185.4
245601.438,40,3465.4,2824.6,2189.2
245601.478,40,3434.4,2905,2216.8
245601.518,40,3295.8,2979.8,2231.8
245601.558,40,3130.4,3060.6,2270.6
245601.598,40,2926.6,3144.8,2319.2
245601.638,40,2772.6,3313.4,2399.6
245601.678,40,2599.6,3442,2518.8
245601.718,40,2447.2,3459,2672.8
245601.758,40,2329.6,3388.6,2866.4
245601.798,40,2249.6,3250,3060.2
245601.838,40,2230.8,3156.6,3123.6
245601.878,40,2278.4,3318.8,3054.2
245601.918,40,2426.2,3651.8,2845
245601.958,40,2710.8,3829,2591.2
245601.998,40,3095.2,3645,2405.4
245602.038,40,3419,3270.8,2287.4
245602.078,40,3570.6,2967,2215.2
245602.118,40,3720.6,2784,2164.8
245602.158,40,3739.4,2675.4,2150
245602.198,40,3730.4,2631.8,2138.2
245602.238,40,3710.6,2658.8,2142.6
245602.278,40,3675.2,2725.6,2160.2
245602.318,40,3629.8,2817,2173.6
245602.358,40,3528.8,2923.8,2200
245602.398,40,3382.8,3066.2,2232.6
245602.438,40,3169.6,3202.8,2274.2
245602.478,40,2978.4,3362.8,2340
245602.518,40,2817,3502.4,2414.4
245602.558,40,2661.2,3610.8,2515
245602.598,40,2518,3625.6,2643.6
245602.638,40,2401.8,3636.8,2825.4
245602.678,40,2312.4,3567.6,3041
245602.718,40,2269.8,3492.4,3156.8
245602.758,40,2294.6,3571,3116.4
245602.798,40,2422.2,3822.6,2907.2
245602.838,40,2647.2,3852.4,2645
245602.878,40,2944,3707.8,2461.8
245602.918,40,3293.2,3473,2336.2
245602.958,40,3521.4,3183.4,2257.6
245602.998,40,3627.2,2976.6,2209.6
245603.038,40,3717.6,2857.4,2181
245603.078,40,3751.2,2798.8,2167.2
245603.118,40,3766.2,2793,2168.2
245603.158,40,3731.2,2850,2177.6
245603.198,40,3753.8,2921.6,2185.8
245603.238,40,3745.4,2972.8,2192
245603.278,40,3677.6,3036.6,2207.6
245603.318,40,3596.4,3115,2220.6
245603.358,40,3488,3234,2252.6
245603.398,40,3341.8,3374.6,2288.8
245603.438,40,3149,3527,2335.8
245603.478,40,2935.2,3677.2,2408
245603.518,40,2726.6,3746.6,2501.8
245603.558,40,2570.8,3817,2637.2
245603.598,40,2427.2,3727.4,2807.4
245603.638,40,2325.2,3659.2,3043.8
245603.678,40,2263.4,3497.8,3208.8
245603.718,40,2274.4,3525.8,3191.2
245603.758,40,2433,3814.8,2932.8
245603.798,40,2667.2,3791,2641
245603.838,40,2983,3584.4,2445.8
245603.878,40,3294.6,3289.2,2308.4
245603.918,40,3495.8,2990.4,2230.8
245603.958,40,3566.6,2794.6,2179.6
245603.998,40,3601.2,2686.6,2160.2
245604.038,40,3587.4,2627.8,2147.8
245604.078,40,3594.2,2619.4,2147
245604.118,40,3587.2,2651.8,2150.6
245604.158,40,3580.4,2700.8,2159.8
245604.198,40,3627.2,2744.6,2162.2
245604.238,40,3627.4,2784,2173.6
245604.278,40,3646.6,2838,2180.6
245604.318,40,3632,2931.8,2194
245604.358,40,3542.4,3035.4,2218.4
245604.398,40,3425.6,3198,2246.4
245604.438,40,3225,3389.4,2295.2
245604.478,40,2998.4,3619.2,2375.4
245604.518,40,2772,3790.8,2486.2
245604.558,40,2546,3812.8,2660.4
245604.598,40,2372.2,3738.6,2933.4
245604.638,40,2262.8,3484.2,3209.4
245604.678,40,2217.6,3312,3352.4
245604.718,40,2239,3414.2,3303.4
245604.758,40,2372.4,3753.6,3032.8
245604.798,40,2591.6,3902.2,2714.8
245604.838,40,2932.8,3869.2,2497
245604.878,40,3282.2,3552.8,2352.4
245604.918,40,3545,3235.8,2262.6
245604.958,40,3694.6,2977.8,2205
245604.998,40,3766.8,2809.8,2170.2
245605.038,40,3781.4,2709.4,2148.8
245605.078,40,3779.6,2672.2,2148.2
245605.118,40,3795.6,2677,2145.8
245605.158,40,3785.6,2729.8,2149.8
245605.198,40,3800,2778,2159.2
245605.238,40,3771.2,2831.2,2171
245605.278,40,3745.8,2872.2,2175.6
245605.318,40,3713.2,2954,2190.8
245605.358,40,3612.6,3057.8,2214.8
245605.398,40,3487.8,3204.8,2241.6
245605.438,40,3297.8,3370.4,2287.2
245605.478,40,3074.6,3554,2344.6
245605.518,40,2868,3714.8,2430
245605.558,40,2664.6,3824.2,2560.4
245605.598,40,2471.2,3741,2751.4
245605.638,40,2333.8,3623.8,3010
245605.678,40,2245.8,3404.8,3249.6
245605.718,40,2218.8,3302.8,3343
245605.758,40,2254.4,3433.4,3224.6
245605.798,40,2390.4,3746,2962.8
245605.838,40,2611.8,3825.4,2671.6
245605.878,40,2898.8,3678.2,2470.8
245605.918,40,3204,3523.2,2361
245605.958,40,3406.8,3276,2286.2
245605.998,40,3520,3083,2234.8
245606.038,40,3581.2,2959.4,2213.4
245606.078,40,3639,2898.8,2200.8
245606.118,40,3636.8,2868.6,2190.4
245606.158,40,3635.8,2888,2194.6
245606.198,40,3641.4,2936.8,2199.6
245606.238,40,3619.2,2983.6,2213
245606.278,40,3578,3008.2,2216.4
245606.318,40,3563,3048.6,2229.6
245606.358,40,3558,3092.8,2235.6
245606.398,40,3505.2,3125.8,2241.2
245606.438,40,3444.2,3186,2260.4
245606.478,40,3345,3313.4,2287
245606.518,40,3202,3489.4,2326.8
245606.558,40,3016.2,3699.4,2405.2
245606.598,40,2782.8,3818.4,2499.2
245606.638,40,2556,3780.8,2638.8
245606.678,40,2409,3740.6,2851.4
245606.718,40,2279.2,3491,3104.8
245606.758,40,2211.2,3269.2,3336.2
245606.798,40,2203.4,3195.6,3348.2
245606.838,40,2253.8,3437,3299
245606.878,40,2388.8,3749.8,3023.6
245606.918,40,2600,3854.6,2721.4
245606.958,40,2880,3797.2,2520.4
245606.998,40,3167.8,3610.2,2378.8
245607.038,40,3413.6,3344.6,2294.4
245607.078,40,3560.4,3125.8,2244
245607.118,40,3663.2,2981.2,2207
245607.158,40,3705.8,2899.8,2190.4
245607.198,40,3723,2864.8,2184.6
245607.238,40,3715.6,2894.6,2189.2
245607.278,40,3694.6,2970.2,2204.4
245607.318,40,3628.8,3074.6,2218.2
245607.358,40,3491.8,3216,2249.8
245607.398,40,3310.6,3419.4,2303.6
245607.438,40,3040.2,3657.2,2382.6
245607.478,40,2735.8,3743.2,2499
245607.518,40,2514.4,3718.6,2670.8
245607.558,40,2356.2,3600.8,2923.2
245607.598,40,2235.8,3330,3191.8
245607.638,40,2190.2,2980.4,3162.6
245607.678,40,2212.8,2969.2,3070.6
245607.718,40,2260,3288.2,3156
245607.758,40,2397.2,3592,2939.6
245607.798,40,2610,3700,2677
245607.838,40,2861,3623,2494.8
245607.878,40,3118.8,3484.4,2372.4
245607.918,40,3333.2,3280.4,2298.6
245607.958,40,3437.6,3122.2,2251.2
245607.998,40,3493.4,3007.8,2224.6
245608.038,40,3530.8,2961,2215.6
245608.078,40,3534.6,2962.6,2216.8
245608.118,40,3472.4,3045.6,2235
245608.158,40,3410.2,3171.2,2260.8
245608.198,40,3319.4,3274.2,2287
245608.238,40,3145.4,3375.2,2329
245608.278,40,2988.6,3559,2391.6
245608.318,40,2772.8,3656.8,2476.8
245608.358,40,2540.4,3606.6,2613.4
245608.398,40,2376,3501.4,2824.6
245608.438,40,2249.6,3225.2,3074.2
245608.478,40,2185.8,2864.6,3039
245608.518,40,2226.4,2821.2,2887
245608.558,40,2283,3005,2887.4
245608.598,40,2412.8,3311.6,2808.2
245608.638,40,2597.8,3379.8,2610.6
245608.678,40,2805,3352.8,2451.4
245608.718,40,3005,3194,2348.6
245608.758,40,3217.2,3079.8,2281
245608.798,40,3294.8,2931.8,2234.2
245608.838,40,3409.8,2853.8,2210.4
245608.878,40,3390,2776.8,2187.6
245608.918,40,3400.6,2770.8,2190.8
245608.958,40,3348.6,2813,2206.6
245608.998,40,3282.6,2866.8,2215.2
245609.038,40,3193.4,2907.8,2232.4
245609.078,40,3074.6,2960.2,2263.6
245609.118,40,2962,3056.4,2304.2
245609.158,40,2796.4,3131.2,2354.8
245609.198,40,2622,3157.2,2423
245609.238,40,2478,3195.2,2528.2
245609.278,40,2357.4,3194.8,2686.6
245609.318,40,2252.6,3062.6,2868
245609.358,40,2185.4,2880.8,3014.2
245609.398,40,2189.6,2698.4,2782
245609.438,40,2235,2798,2755.8
245609.478,40,2355.4,3084.4,2723.6
245609.518,40,2531.2,3145.2,2557.4
245609.558,40,2742.8,3130,2426.8
245609.598,40,2957.6,3068.6,2324.2
245609.638,40,3124.8,2924.2,2257.8
245609.678,40,3197.8,2810.6,2221
245609.718,40,3238.8,2743.8,2197.4
245609.758,40,3215.4,2708.4,2188.8
245609.798,40,3184.4,2725,2195.6
245609.838,40,3108,2762,2207.4
245609.878,40,3057,2816,2232.2
245609.918,40,2964,2854.6,2251.4
245609.958,40,2865.4,2927.6,2286.8
245609.998,40,2720.8,3013,2342.6
245610.038,40,2561.8,3086.8,2425.6
245610.078,40,2425.4,3142,2556.8
245610.118,40,2310,3069.8,2698.6
245610.158,40,2226,2941.6,2855.6
245610.198,40,2171.8,2770.2,2908.8
245610.238,40,2201.6,2744.6,2820
245610.278,40,2264.4,2870.8,2763.6
245610.318,40,2399.8,3114.4,2685.6
245610.358,40,2585,3137.8,2518.6
245610.398,40,2784.4,3057.4,2382.2
245610.438,40,2962.4,2954.8,2294.6
245610.478,40,3074.6,2815.2,2238
245610.518,40,3124.6,2705.8,2201.6
245610.558,40,3147.4,2641.4,2173.2
245610.598,40,3147.4,2614.6,2168.2
245610.638,40,3126.4,2614,2168.2
245610.678,40,3105.4,2651.6,2182
245610.718,40,3086.8,2681,2188.2
245610.758,40,3065,2707.6,2200.8
245610.798,40,3017.6,2751.4,2215
245610.838,40,2950.4,2819.2,2241
245610.878,40,2847,2895.8,2276
245610.918,40,2715.4,2981.6,2326.6
245610.958,40,2592.6,3101.2,2406.8
245610.998,40,2471,3113.4,2496.8
245611.038,40,2358.8,3065.2,2609.6
245611.078,40,2264.4,2963.6,2737.6
245611.118,40,2194.6,2846.2,2860
245611.158,40,2172.6,2668.2,2791.2
245611.198,40,2184.8,2676.4,2755.4
245611.238,40,2236,2851.8,2805.4
245611.278,40,2328.8,2992,2690.8
245611.318,40,2477.6,3129,2583.2
245611.358,40,2641.2,3151.8,2479.2
245611.398,40,2812.4,3145,2390.2
245611.438,40,2970,3095.8,2330.6
245611.478,40,3081.8,2998.4,2285.4
245611.518,40,3134.4,2923.4,2252.2
245611.558,40,3192,2886.2,2241
245611.598,40,3193.6,2882.8,2242
245611.638,40,3172,2923.4,2251.4
245611.678,40,3145.6,2959.2,2259.2
245611.718,40,3138.4,2984.8,2265.8
245611.758,40,3111.6,2997,2274.4
245611.798,40,3078.6,3034.6,2282.2
245611.838,40,3021.6,3108.8,2307.4
245611.878,40,2928.8,3182.6,2344.6
245611.918,40,2806,3264.2,2393.2
245611.958,40,2659.8,3344.8,2476
245611.998,40,2525,3423,2598.8
245612.038,40,2388.6,3377.8,2751.4
245612.078,40,2294,3249.4,2909.4
245612.118,40,2232.6,3154,3069.4
245612.158,40,2227,3145.6,3116.4
245612.198,40,2269.4,3346,3087
245612.238,40,2372.8,3473.8,2864.4
245612.278,40,2536.8,3566.2,2661.2
245612.318,40,2758.6,3544,2501.8
245612.358,40,3004.4,3429,2392.8
245612.398,40,3198.6,3233,2316.2
245612.438,40,3339.2,3090.2,2263.8
245612.478,40,3391.2,2950.4,2227
245612.518,40,3454.2,2893.8,2213.4
245612.558,40,3484.8,2898.8,2207.6
245612.598,40,3445.6,2923,2219
245612.638,40,3458.2,2994,2223
245612.678,40,3408.2,3044.8,2237
245612.718,40,3357.4,3083,2252.8
245612.758,40,3285.4,3148.6,2268.4
245612.798,40,3226.8,3265.2,2295
245612.838,40,3098.8,3367.2,2333
245612.878,40,2937.2,3437.8,2380
245612.918,40,2783,3568.6,2454.2
245612.958,40,2611.8,3556.8,2544.6
245612.998,40,2480.8,3550.6,2670
245613.038,40,2367.6,3519.6,2844.2
245613.078,40,2293.8,3349.2,2970.4
245613.118,40,2258.6,3298.2,3074.8
245613.158,40,2271.8,3380.8,3068.2
245613.198,40,2352,3597,2969.8
245613.238,40,2488.4,3848.4,2790.8
245613.278,40,2706.2,3796.4,2576.6
245613.318,40,3009,3715.8,2436.2
245613.358,40,3304.4,3444.8,2329
245613.398,40,3485,3176.4,2259.4
245613.438,40,3553,2984,2219.2
245613.478,40,3631.2,2860.2,2191.8
245613.518,40,3678.6,2804.8,2175.2
245613.558,40,3673.6,2807,2179.8
245613.598,40,3640.2,2851.8,2191.2
245613.638,40,3640.8,2931,2201.6
245613.678,40,3538.2,2969.2,2216.4
245613.718,40,3454.2,3014.8,2229.2
245613.758,40,3414.8,3116.2,2248.2
245613.798,40,3323.8,3239,2274.4
245613.838,40,3180,3371.6,2317.2
245613.878,40,2995.8,3526.8,2370.6
245613.918,40,2790.8,3638.2,2456.4
245613.958,40,2613,3736,2581
245613.998,40,2461.8,3699,2745.4
245614.038,40,2354.8,3722,2976.6
245614.078,40,2292.4,3576.6,3124.6
245614.118,40,2290.4,3599.4,3139
245614.158,40,2391.6,3775.2,2944.6
245614.198,40,2582.4,3893.6,2699.8
245614.238,40,2869.2,3786.4,2499.6
245614.278,40,3208.2,3516,2358.4
245614.318,40,3496.4,3210.4,2269.2
245614.358,40,3675.4,2949,2207.4
245614.398,40,3762.8,2770,2164.8
245614.438,40,3773,2646.2,2142.6
245614.478,40,3719.2,2585.4,2129.2
245614.518,40,3741,2571.2,2121.4
245614.558,40,3760,2587.8,2128.6
245614.598,40,3791.2,2637.8,2136
245614.638,40,3796.4,2668.2,2141.4
245614.678,40,3797.8,2700,2146.6
245614.718,40,3797.2,2752.4,2153.4
245614.758,40,3764.6,2831.6,2169.6
245614.798,40,3687.2,2954.4,2192
245614.838,40,3547.2,3113.6,2225.6
245614.878,40,3342.8,3292.2,2270
245614.918,40,3103.4,3457.2,2319.8
245614.958,40,2914.2,3640.8,2403.4
245614.998,40,2706.8,3789,2518.4
245615.038,40,2513.8,3799.8,2696
245615.078,40,2373.4,3757,2940.8
245615.118,40,2274.8,3528.6,3180.6
245615.158,40,2254.8,3444.8,3249.2
245615.198,40,2360.6,3605.6,2990.8
245615.238,40,2611.8,3935,2714.2
245615.278,40,2983.4,3789.2,2467.2
245615.318,40,3384.8,3434.8,2310.2
245615.358,40,3641,3061.6,2218.4
245615.398,40,3766.4,2787,2164.4
245615.438,40,3735.6,2616.4,2134.2
245615.478,40,3685.2,2521.2,2115.6
245615.518,40,3650.6,2473.4,2107.2
245615.558,40,3638.4,2461.6,2104.2
245615.598,40,3668.8,2488,2109
245615.638,40,3714.6,2539.6,2114.6
245615.678,40,3713.4,2586.2,2125.2
245615.718,40,3663,2640.2,2134.6
245615.758,40,3658,2736.4,2155.2
245615.798,40,3565.4,2873.8,2181.6
245615.838,40,3333.6,3027.4,2225.8
245615.878,40,3151,3255,2284.2
245615.918,40,2944.6,3510,2370
245615.958,40,2706.6,3696.2,2504.2
245615.998,40,2490.4,3766.6,2723.6
245616.038,40,2341.2,3672.4,3014
245616.078,40,2247.2,3395.4,3242.2
245616.118,40,2263.6,3410.2,3209.8
245616.158,40,2432.6,3736.2,2938.4
245616.198,40,2704.4,3818.4,2627
245616.238,40,3126,3692,2419
245616.278,40,3532.8,3290.8,2273.4
245616.318,40,3726.4,2929,2195.8
245616.358,40,3793.2,2705.4,2152
245616.398,40,3738.2,2571.8,2124.6
245616.438,40,3688.6,2485,2110
245616.478,40,3581.8,2443.6,2103.2
245616.518,40,3573.2,2421.2,2099.8
245616.558,40,3593.6,2424.2,2103.4
245616.598,40,3595.6,2451.2,2103
245616.638,40,3599.6,2474.4,2109.2
245616.678,40,3585.6,2498.8,2115
245616.718,40,3610.6,2516.6,2118
245616.758,40,3619,2548.6,2123.6
245616.798,40,3653.6,2589.6,2129.4
245616.838,40,3672.4,2650.4,2138.8
245616.878,40,3697.2,2736.2,2149
245616.918,40,3671.6,2859.8,2171.2
245616.958,40,3516.2,2991.8,2205.8
245616.998,40,3374.8,3192.2,2242.4
245617.038,40,3186.4,3441,2308.2
245617.078,40,2898.2,3692.6,2409
245617.118,40,2629.6,3878,2599.4
245617.158,40,2407.6,3802,2877.6
245617.198,40,2286.8,3555.8,3145.4
245617.238,40,2244.4,3372.6,3223.6
245617.278,40,2311.6,3499.6,3022.4
245617.318,40,2495.4,3726.4,2763.6
245617.358,40,2763.4,3635.6,2527.6
245617.398,40,3110.8,3482.4,2383
245617.438,40,3416.2,3190.8,2274.4
245617.478,40,3625.8,2907.2,2203.4
245617.518,40,3700.4,2709,2162.8
245617.558,40,3766.4,2581.2,2125.8
245617.598,40,3685.2,2486.8,2113.6
245617.638,40,3620.2,2435.4,2096.6
245617.678,40,3570.2,2411.2,2093.6
245617.718,40,3573.8,2410.6,2094.2
245617.758,40,3600.4,2431.4,2094
245617.798,40,3661.6,2460.4,2102.6
245617.838,40,3699,2483.8,2105.8
245617.878,40,3734.2,2528,2115
245617.918,40,3769.6,2607.4,2128.4
245617.958,40,3725.6,2733.2,2149.2
245617.998,40,3543.2,2919.8,2190
245618.038,40,3323.4,3135.8,2237.4
245618.078,40,3082.2,3359,2315.4
245618.118,40,2839,3543,2413.2
245618.158,40,2623.8,3644.2,2550
245618.198,40,2446.8,3616.6,2737.2
245618.238,40,2315.8,3439.6,2943
245618.278,40,2256.8,3332,3107.2
245618.318,40,2263.2,3374.6,3113
245618.358,40,2389.6,3553.6,2872
245618.398,40,2586.6,3632.8,2640.2
245618.438,40,2859.6,3523,2460.4
245618.478,40,3174.2,3346.4,2347
245618.518,40,3398.2,3068.4,2252.6
245618.558,40,3551.2,2844.4,2198.8
245618.598,40,3634.2,2674.4,2157.6
245618.638,40,3670.2,2555.2,2124.8
245618.678,40,3609.6,2475.2,2111.4
245618.718,40,3570.4,2418,2096.4
245618.758,40,3524.2,2399.4,2092.4
245618.798,40,3518,2396.6,2090.4
245618.838,40,3520.4,2415.4,2093.8
245618.878,40,3488.6,2432.8,2105.4
245618.918,40,3553.2,2456,2103.6
245618.958,40,3659.6,2477.8,2110.4
245618.998,40,3674,2515,2112.4
245619.038,40,3668.8,2551.4,2120.8
245619.078,40,3632.6,2598.2,2131.4
245619.118,40,3557.4,2653.6,2139.8
245619.158,40,3452.4,2724.8,2163
245619.198,40,3398.2,2803.6,2181.4
245619.238,40,3297.6,2893.6,2202.8
245619.278,40,3199.4,2978.2,2229.6
245619.318,40,3091.8,3097.2,2265.4
245619.358,40,2951,3232,2321.4
245619.398,40,2795.6,3387.6,2398.6
245619.438,40,2632.6,3500,2506.4
245619.478,40,2499.8,3551.2,2632.8
245619.518,40,2440.2,3543.2,2725.2
245619.558,40,2467.4,3568.4,2693
245619.598,40,2611.4,3643.2,2576.6
245619.638,40,2841,3552.2,2440.4
245619.678,40,3124.6,3395.6,2339.8
245619.718,40,3343.8,3131.4,2266.6
245619.758,40,3470.4,2919.4,2214.2
245619.798,40,3569,2784,2181.8
245619.838,40,3552.2,2668,2157.6
245619.878,40,3556.8,2613.8,2147.2
245619.918,40,3536,2592.2,2138.2
245619.958,40,3554,2602.2,2142
245619.998,40,3516.2,2641.6,2151.4
245620.038,40,3493.6,2673.6,2158.8
245620.078,40,3410.6,2722.2,2170.6
245620.118,40,3314,2796.8,2189.2
245620.158,40,3222.8,2919.4,2226.6
245620.198,40,3034.2,3048,2273.2
245620.238,40,2837.8,3206.4,2344
245620.278,40,2662.8,3333.8,2445.8
245620.318,40,2500.6,3390.8,2576.6
245620.358,40,2369.2,3360.2,2749.2
245620.398,40,2271.6,3237.4,2972.6
245620.438,40,2204.4,3047.6,3142.4
245620.478,40,2202.8,2935.2,3048.4
245620.518,40,2259.8,3234.8,3093.2
245620.558,40,2398,3491.2,2871.6
245620.598,40,2611.2,3565,2625.2
245620.638,40,2875,3494.6,2461
245620.678,40,3157.2,3337.4,2340.8
245620.718,40,3383.6,3100.2,2260.4
245620.758,40,3484.2,2889.2,2207.4
245620.798,40,3516.6,2753,2174.6
245620.838,40,3543.8,2678,2159.6
245620.878,40,3519.2,2639.4,2154.8
245620.918,40,3484.2,2638,2154
245620.958,40,3516.4,2708.2,2164.2
245620.998,40,3495.8,2767.4,2177
245621.038,40,3423,2819.6,2191.6
245621.078,40,3334,2885.6,2208.8
245621.118,40,3249.2,3018.4,2241.6
245621.158,40,3108.4,3165.8,2286.6
245621.198,40,2905.6,3291.8,2345.2
245621.238,40,2715.6,3405.6,2433.8
245621.278,40,2565.4,3485.4,2551
245621.318,40,2417.2,3495.8,2727.6
245621.358,40,2294.4,3363.6,2954
245621.398,40,2224.2,3186.8,3172.8
245621.438,40,2206.6,3160.2,3267.4
245621.478,40,2281,3451.6,3134.4
245621.518,40,2467.4,3712,2807.2
245621.558,40,2744,3680.4,2546.6
245621.598,40,3103,3556.4,2398
245621.638,40,3379.2,3247.4,2284.2
245621.678,40,3560.4,2961.6,2217
245621.718,40,3645,2789.8,2171.8
245621.758,40,3630.4,2658,2150.2
245621.798,40,3606.2,2590.2,2134.2
245621.838,40,3582.6,2556.4,2130
245621.878,40,3552.8,2558.6,2127.4
245621.918,40,3530.6,2591.8,2136.6
245621.958,40,3493,2635.4,2148.6
245621.998,40,3433,2684.6,2168.4
245622.038,40,3327,2770.4,2185.4
245622.078,40,3192,2903.4,2224.8
245622.118,40,2994,3088.4,2284.6
245622.158,40,2775.8,3262.4,2372.4
245622.198,40,2561,3364,2508.6
245622.238,40,2375.2,3293.4,2695.2
245622.278,40,2248,3106.4,2924.8
245622.318,40,2178.8,2842.8,3003.6
245622.358,40,2207.6,2748.2,2799
245622.398,40,2287.4,3033.2,2835.2
245622.438,40,2426.2,3164.8,2668.8
245622.478,40,2610,3123.2,2496
245622.518,40,2818,3038.8,2359.8
245622.558,40,3018.6,2922.6,2276
245622.598,40,3155,2763.6,2213.2
245622.638,40,3203.2,2632.8,2174.6
245622.678,40,3184.8,2544,2146.8
245622.718,40,3196.4,2498.4,2131.2
245622.758,40,3173.8,2468.6,2129.6
245622.798,40,3180.6,2485.6,2136
245622.838,40,3191.6,2524.2,2142
245622.878,40,3180,2567.8,2153.2
245622.918,40,3151.4,2638.6,2169
245622.958,40,3089,2735.8,2197.4
245622.998,40,2980.4,2854.4,2237.4
245623.038,40,2832.2,3045.4,2308.8
245623.078,40,2652.6,3188.6,2401.8
245623.118,40,2484.2,3260,2542.2
245623.158,40,2333.2,3208.2,2733
245623.198,40,2226,3069.4,2969
245623.238,40,2191.8,2872.6,2993.2
245623.278,40,2242.2,2881,2830.4
245623.318,40,2369,3318,2869.6
245623.358,40,2563.4,3468.6,2657.4
245623.398,40,2829.6,3410.8,2471.4
245623.438,40,3190.4,3290.4,2332.6
245623.478,40,3311.2,2949.8,2233.2
245623.518,40,3499.6,2764.6,2185.8
245623.558,40,3471.4,2620.4,2148.2
245623.598,40,3466.4,2533.2,2130.2
245623.638,40,3361.6,2476.2,2120.4
245623.678,40,3328,2461.6,2118
245623.718,40,3294.2,2482.8,2121.4
245623.758,40,3286.6,2508.2,2125.6
245623.798,40,3263,2548,2140.4
245623.838,40,3234.2,2592.6,2153
245623.878,40,3199.2,2660.6,2172.8
245623.918,40,3150.6,2758.8,2197.8
245623.958,40,3034,2869.8,2230.6
245623.998,40,2926.6,3036.6,2280.8
245624.038,40,2804,3216,2362.4
245624.078,40,2642.4,3361.6,2462
245624.118,40,2479.8,3454.4,2619.4
245624.158,40,2344.4,3428.6,2848
245624.198,40,2258,3287.6,3074
245624.238,40,2232.8,3227.4,3180.8
245624.278,40,2286.4,3497,3121.4
245624.318,40,2477.6,3842.8,2839
245624.358,40,2751.6,3780.6,2561
245624.398,40,3110.4,3568.8,2398.6
245624.438,40,3402.4,3216.8,2279.4
245624.478,40,3582.8,2923.2,2207
245624.518,40,3598.4,2712.6,2164.8
245624.558,40,3527.6,2575.6,2138.2
245624.598,40,3413.6,2478.2,2121
245624.638,40,3320.8,2432.8,2109
245624.678,40,3262.6,2414.2,2110
245624.718,40,3260.6,2433.4,2112
245624.758,40,3252.6,2462.4,2120.6
245624.798,40,3244.8,2487.4,2124
245624.838,40,3232.2,2520,2130.8
245624.878,40,3230.4,2552,2142.4
245624.918,40,3234.6,2612,2156.8
245624.958,40,3170.6,2681.4,2174
245624.998,40,3157.6,2802.4,2202.8
245625.038,40,3059.8,2954,2242.4
245625.078,40,2921.6,3118.2,2302.8
245625.118,40,2741.4,3284,2386.4
245625.158,40,2563.4,3391.4,2515.2
245625.198,40,2425.4,3412.6,2674.4
245625.238,40,2360.4,3434.4,2810.2
245625.278,40,2403.6,3520.4,2769.6
245625.318,40,2602,3680,2600
245625.358,40,2887.8,3528.4,2428.4
245625.398,40,3230.8,3291,2306.2
245625.438,40,3438.2,3005.6,2238.8
245625.478,40,3546.6,2819.2,2189
245625.518,40,3567.6,2685.4,2161.6
245625.558,40,3550.2,2606,2144
245625.598,40,3523.4,2565.6,2130.8
245625.638,40,3512.8,2550.2,2130.2
245625.678,40,3481,2566,2135
245625.718,40,3459.6,2585.2,2145.8
245625.758,40,3450.4,2626.2,2146.8
245625.798,40,3435.2,2641.6,2157
245625.838,40,3418.6,2663,2158.2
245625.878,40,3420,2696.8,2166.2
245625.918,40,3418.8,2745.6,2175.6
245625.958,40,3411.6,2817.6,2187.8
245625.998,40,3349.8,2934,2213.4
245626.038,40,3208.4,3094.2,2254.8
245626.078,40,2969.6,3304.6,2329.8
245626.118,40,2747.8,3505.2,2443.8
245626.158,40,2558.2,3607.4,2593
245626.198,40,2444.8,3625.2,2738.2
245626.238,40,2453.6,3662.4,2744.8
245626.278,40,2598.8,3804.6,2626.8
245626.318,40,2817.6,3704,2481
245626.358,40,3128.2,3519.2,2357.8
245626.398,40,3403.2,3222.8,2273.6
245626.438,40,3581.4,2964.2,2219
245626.478,40,3673.2,2794.8,2177.2
245626.518,40,3671.6,2666.4,2149.6
245626.558,40,3668.6,2589.2,2134.8
245626.598,40,3653.2,2548.4,2125.2
245626.638,40,3649,2539.6,2123.2
245626.678,40,3625.4,2559,2126.6
245626.718,40,3610.2,2594.4,2134.8
245626.758,40,3575,2633.2,2145
245626.798,40,3524,2655.6,2152
245626.838,40,3481,2693.8,2164.6
245626.878,40,3453.2,2756,2172.2
245626.918,40,3358,2832.6,2193.4
245626.958,40,3259.2,2942.6,2228.8
245626.998,40,3104,3083.6,2270.8
245627.038,40,2919.8,3225.6,2327
245627.078,40,2743.6,3355.2,2406.6
245627.118,40,2568.4,3435.4,2527.4
245627.158,40,2431,3429.4,2671.8
245627.198,40,2349.8,3397.8,2809
245627.238,40,2354.2,3416,2822.6
245627.278,40,2479.8,3632.8,2711.8
245627.318,40,2692.4,3629.8,2529.8
245627.358,40,2988.2,3471.2,2388.6
245627.398,40,3277,3224.2,2293.4
245627.438,40,3458.2,2980.6,2230
245627.478,40,3542,2815.8,2192.2
245627.518,40,3575.2,2699.2,2160.2
245627.558,40,3572.2,2634.6,2147.2
245627.598,40,3564.4,2607,2141.6
245627.638,40,3540,2622.6,2147.6
245627.678,40,3489.6,2660.2,2157.4
245627.718,40,3433,2693.4,2167.4
245627.758,40,3371.2,2712.2,2175.2
245627.798,40,3317.2,2730.6,2179
245627.838,40,3254.2,2766,2191.8
245627.878,40,3179.2,2808.4,2206
245627.918,40,3109.4,2876,2227
245627.958,40,3029,2954.2,2255.4
245627.998,40,2928.2,3053.6,2290.4
245628.038,40,2826,3166.8,2338.8
245628.078,40,2704,3297.2,2410.2
245628.118,40,2574.4,3383.8,2505.6
245628.158,40,2452.6,3424.8,2645.6
245628.198,40,2350.2,3426.6,2840
245628.238,40,2281,3321.2,3011.8
245628.278,40,2276.2,3471.8,3127.6
245628.318,40,2375.2,3757,2988.4
245628.358,40,2578.6,3934,2728.6
245628.398,40,2861.4,3870.6,2509.4
245628.438,40,3210.2,3651.6,2376
245628.478,40,3506.4,3343,2280.6
245628.518,40,3648,3075,2226.8
245628.558,40,3743.2,2898.6,2187.4
245628.598,40,3785.2,2795.4,2167
245628.638,40,3787.4,2748,2157.2
245628.678,40,3758,2742.8,2161.2
245628.718,40,3748.6,2787.4,2173
245628.758,40,3692.6,2848.8,2184.2
245628.798,40,3606.2,2875.8,2191.2
245628.838,40,3505.2,2906.6,2202
245628.878,40,3450.6,2962,2220
245628.918,40,3371.6,3043,2239.2
245628.958,40,3231.8,3131.8,2263.4
245628.998,40,3073.6,3290.2,2313
245629.038,40,2844,3448,2398.8
245629.078,40,2607.4,3548.4,2532
245629.118,40,2429.4,3564.8,2734.2
245629.158,40,2292.6,3476.4,3037.2
245629.198,40,2224.2,3253.6,3264
245629.238,40,2228.4,3291.4,3298.8
245629.278,40,2333.6,3692.8,3097.8
245629.318,40,2606,3866,2701.2
245629.358,40,3033,3676.2,2430
245629.398,40,3488.6,3230.4,2271.4
245629.438,40,3679.8,2885.4,2191.2
245629.478,40,3759.8,2745.4,2160.2
245629.518,40,3679,2706.8,2161.2
245629.558,40,3626.2,2747.8,2159.2
245629.598,40,3574,2812.6,2181.6
245629.638,40,3430.2,2929.2,2213.4
245629.678,40,3186.6,3109.8,2262
245629.718,40,2848.6,3341.8,2374.2
245629.758,40,2550.4,3479,2549.2
245629.798,40,2388.2,3441.2,2753.8
245629.838,40,2390.2,3425.8,2779.4
245629.878,40,2525.8,3522.4,2643.8
245629.918,40,2777.6,3535.4,2483.4
245629.958,40,3079.2,3338.4,2351.2
245629.998,40,3358.4,3102,2268.2
245630.038,40,3491.4,2875.2,2205.6
245630.078,40,3551.4,2710.4,2165.4
245630.118,40,3587.6,2610.2,2143.6
245630.158,40,3659.2,2570.4,2131.8
245630.198,40,3584.8,2559,2129.2
245630.238,40,3547.4,2585.2,2133.8
245630.278,40,3495.6,2633,2147.2
245630.318,40,3449,2674,2161.2
245630.358,40,3391.2,2733.4,2175.2
245630.398,40,3322.2,2822.6,2198.6
245630.438,40,3187.6,2958.8,2234.6
245630.478,40,2980.6,3144.2,2297
245630.518,40,2762.4,3315,2388.2
245630.558,40,2551.6,3431.6,2537.8
245630.598,40,2386,3415,2746.8
245630.638,40,2312.2,3356,2906.6
245630.678,40,2347.4,3436.4,2847.2
245630.718,40,2505,3624.8,2678
245630.758,40,2796.6,3483,2454.8
245630.798,40,3184.6,3188,2302.6
245630.838,40,3487,2875.8,2209.4
245630.878,40,3499.2,2609.8,2147
245630.918,40,3421.8,2442.2,2114
245630.958,40,3169.6,2331,2088.8
245630.998,40,2982.8,2263.4,2068.8
245631.038,40,2830.6,2217.8,2064.4
245631.078,40,2742,2197.4,2058.4
245631.118,40,2727.2,2195.8,2055.8
245631.158,40,2768.8,2206.2,2059
245631.198,40,2851.8,2226,2060.4
245631.238,40,2960.2,2255,2066.8
245631.278,40,3090.8,2296,2074.6
245631.318,40,3225.8,2347.8,2088.4
245631.358,40,3322.4,2434.6,2103.8
245631.398,40,3371.6,2551,2125.2
245631.438,40,3297.4,2720.6,2170.4
245631.478,40,3118.4,2927.2,2234.8
245631.518,40,2867,3118.2,2315.4
245631.558,40,2640.4,3231,2417
245631.598,40,2495.2,3226.6,2525
245631.638,40,2506.6,3310,2544
245631.678,40,2725.2,3304.8,2424.2
245631.718,40,3041,3108.2,2298.4
245631.758,40,3421.6,2857.6,2208.8
245631.798,40,3583.2,2608,2145
245631.838,40,3347.4,2403.6,2100.4
245631.878,40,3184.4,2286,2077.2
245631.918,40,2858.2,2215.8,2062.6
245631.958,40,2639.6,2164.6,2051
245631.998,40,2564.4,2147.6,2046.6
245632.038,40,2631,2154.4,2045
245632.078,40,2722,2169.6,2051.4
245632.118,40,2821.8,2198,2058.8
245632.158,40,2953.2,2230.8,2062
245632.198,40,3140.2,2268.8,2067.8
245632.238,40,3343.6,2324.4,2070
245632.278,40,3510.8,2392.8,2090
245632.318,40,3646.8,2486.8,2104.8
245632.358,40,3728.2,2623,2125.2
245632.398,40,3702.8,2814.8,2158.2
245632.438,40,3522,3071,2208.8
245632.478,40,3239,3343,2286.2
245632.518,40,2986.4,3558.4,2367
245632.558,40,2862.2,3635.8,2415
245632.598,40,3042.8,3569.6,2360
245632.638,40,3335.8,3239.8,2268.6
245632.678,40,3650.6,2926,2193.2
245632.718,40,3764.4,2670,2146.2
245632.758,40,3680.2,2508.2,2115.6
245632.798,40,3544.6,2411.6,2097.4
245632.838,40,3365.8,2343,2087.8
245632.878,40,3272.2,2319.8,2081.8
245632.918,40,3281.6,2314,2077.6
245632.958,40,3378.8,2328.8,2078.6
245632.998,40,3456.6,2355.4,2085.6
245633.038,40,3528.8,2399.6,2090.8
245633.078,40,3545.2,2433.2,2099.4
245633.118,40,3520.4,2491.2,2113
245633.158,40,3469.4,2571.4,2128
245633.198,40,3383.4,2704,2158.6
245633.238,40,3232.2,2853.4,2201.8
245633.278,40,3013.6,3035.2,2262
245633.318,40,2767.2,3191.2,2356.6
245633.358,40,2536.6,3249.2,2494.6
245633.398,40,2362.6,3180.2,2671.6
245633.438,40,2273.2,3074.2,2813.2
245633.478,40,2276.6,3113.4,2822
245633.518,40,2404.2,3256,2665.6
245633.558,40,2624.2,3286.6,2490.6
245633.598,40,2920.6,3165.6,2357.4
245633.638,40,3215.2,2988,2261.8
245633.678,40,3374,2778.8,2196.8
245633.718,40,3497.4,2624.4,2154
245633.758,40,3529.8,2506.6,2125
245633.798,40,3440.8,2425.4,2106.4
245633.838,40,3373.2,2372.4,2091.8
245633.878,40,3207.4,2330,2084.4
245633.918,40,3219.2,2331.4,2083.2
245633.958,40,3312.6,2357.6,2084
245633.998,40,3381.8,2397.2,2093.4
245634.038,40,3408.4,2426.4,2099.2
245634.078,40,3408.2,2458.2,2105.4
245634.118,40,3445.6,2510.8,2116
245634.158,40,3470.4,2583.6,2134.4
245634.198,40,3461.4,2695.4,2151.4
245634.238,40,3375.4,2857,2189
245634.278,40,3183.2,3064,2243.6
245634.318,40,2916.4,3312.8,2341.2
245634.358,40,2636.4,3448.8,2492.6
245634.398,40,2408.2,3397.2,2699.2
245634.438,40,2267.6,3195.6,2938.6
245634.478,40,2207.4,3056.4,3098.8
245634.518,40,2241.2,3174.8,3073.6
245634.558,40,2377.6,3437.2,2840.8
245634.598,40,2592.4,3422.4,2574.4
245634.638,40,2872.2,3312.8,2418.4
245634.678,40,3128.8,3110.4,2303.8
245634.718,40,3283.6,2883.2,2226.4
245634.758,40,3369,2714.2,2181.4
245634.798,40,3361.6,2597,2149.2
245634.838,40,3346.6,2533,2137.2
245634.878,40,3336.4,2505.2,2127.4
245634.918,40,3323.4,2505.6,2131.2
245634.958,40,3312.8,2537,2136.4
245634.998,40,3273.6,2575,2144.8
245635.038,40,3219,2607.2,2155.6
245635.078,40,3140.6,2645.4,2172.8
245635.118,40,3058.8,2703.6,2196.2
245635.158,40,2928,2787.8,2229.4
245635.198,40,2803,2942,2288.8
245635.238,40,2635.2,3052.2,2374.8
245635.278,40,2463.6,3064,2481.6
245635.318,40,2336.6,3010.6,2610.2
245635.358,40,2250.4,2900.2,2733.2
245635.398,40,2206.8,2847.6,2834
245635.438,40,2252,2970.4,2789.8
245635.478,40,2405.6,3095.8,2600.6
245635.518,40,2641.4,3168,2454.2
245635.558,40,2929.2,3127,2345.8
245635.598,40,3203.4,2998.6,2264.8
245635.638,40,3302.4,2801.2,2204.2
245635.678,40,3477,2687,2169.2
245635.718,40,3517.4,2585.8,2138
245635.758,40,3490.6,2513.2,2123.8
245635.798,40,3477.4,2488.2,2117.6
245635.838,40,3495,2492.6,2118.4
245635.878,40,3480.8,2516.4,2122.4
245635.918,40,3487.8,2539.6,2131.6
245635.958,40,3469.2,2560,2129.6
245635.998,40,3440,2573.4,2136.4
245636.038,40,3385.4,2579.4,2143.4
245636.078,40,3377.2,2600,2149
245636.118,40,3368.6,2645,2155.2
245636.159,41,3313.2,2705.6,2173.8
245636.199,40,3256.2,2799.8,2195.2
245636.239,40,3205.8,2955.8,2229
245636.279,40,3102,3189.4,2281.2
245636.319,40,2886.8,3354.2,2366
245636.359,40,2666.2,3453.4,2472
245636.399,40,2493.2,3449.4,2605.4
245636.439,40,2414,3390,2697.8
245636.479,40,2457.2,3422.4,2646.4
245636.519,40,2646.6,3495,2520.6
245636.563,44,2965.8,3397.4,2373.6
245636.603,40,3233.6,3133,2282.2
245636.643,40,3427.4,2903.8,2217.4
245636.683,40,3558,2744.4,2172.2
245636.723,40,3518.6,2604.6,2140.2
245636.763,40,3558.2,2532.8,2125.2
245636.803,40,3526.4,2482.8,2112.8
245636.843,40,3533.2,2472.6,2112.8
245636.883,40,3524.4,2484.4,2116.4
245636.923,40,3514.8,2520.2,2122.2
245636.963,40,3501.6,2546.2,2130
245637.003,40,3439.2,2569.8,2136
245637.043,40,3401.4,2599.2,2143.2
245637.163,120,3140.4,2771.6,2195.2
245637.203,40,3025.4,2871,2235.4
245637.243,40,2908,3054.6,2293.6
245637.283,40,2719.2,3216.8,2381.8
245637.323,40,2526,3296,2513.4
245637.363,40,2389.4,3282.4,2670.2
245637.403,40,2303.2,3232.8,2835.4
245637.443,40,2299.6,3296.8,2888.8
245637.483,40,2416.4,3496.6,2759
245637.523,40,2655.8,3696.2,2584
245637.563,40,2978.8,3492.2,2392.2
245637.603,40,3300.2,3170.6,2286
245637.643,40,3483,2880.4,2204.6
245637.683,40,3536.6,2672.6,2160.6
245637.723,40,3568.6,2550.4,2132.6
245637.763,40,3443,2461.4,2113.6
245637.803,40,3398.2,2423.6,2101
245637.843,40,3320.8,2408.6,2106.8
245637.883,40,3299.8,2423.8,2103.2
245637.923,40,3303.2,2457.6,2114
245637.963,40,3275.8,2494.4,2120.8
245638.003,40,3255,2535,2136.2
245638.043,40,3238,2591.2,2144.4
245638.083,40,3189.2,2660.8,2168.4
245638.123,40,3115,2751.6,2192.6
245638.163,40,3048.8,2881.4,2229.6
245638.203,40,2936.8,3048.2,2283
245638.243,40,2744.6,3181.4,2367
245638.283,40,2551.8,3262.4,2484
245638.323,40,2412.4,3213.2,2607.6
245638.363,40,2321.4,3146.2,2731.4
245638.403,40,2307.6,3114.2,2765.4
245638.443,40,2384.2,3206.2,2657.8
245638.483,40,2581,3268.6,2505.4
245638.523,40,2863,3143,2358
245638.563,40,3168,2937.6,2258.6
245638.603,40,3289,2705.2,2181.8
245638.643,40,3322.8,2542.2,2138.4
245638.683,40,3223.4,2423.6,2110
245638.723,40,3105.6,2343.8,2093.6
245638.763,40,2994.4,2300.4,2086.6
245638.803,40,2913.4,2273.6,2073.2
245638.843,40,2874.6,2266.6,2077.4
245638.883,40,2882.6,2271.4,2077.2
245638.923,40,2908.6,2291.2,2088.4
245638.963,40,2953.4,2324.4,2090.8
245639.003,40,2997,2356,2101.2
245639.043,40,3070.4,2420,2114.6
245639.083,40,3103.2,2489.2,2132
245639.123,40,3096,2580,2154.6
245639.163,40,3022.6,2692.2,2191
245639.203,40,2895.6,2815.8,2235.4
245639.243,40,2721.2,2911.2,2305
245639.283,40,2538.6,2959,2389
245639.323,40,2413.8,2918.2,2467
245639.363,40,2355.8,2881.8,2509.6
245639.403,40,2388.6,2872.6,2469.6
245639.443,40,2516.8,2900.4,2395.8
245639.483,40,2687.6,2853,2316.4
245639.523,40,2845.6,2752.2,2249.4
245639.563,40,2965.4,2650.2,2200.8
245639.603,40,3019.6,2555.4,2163.8
245639.643,40,3046.6,2488,2136.4
245639.683,40,3052,2436.6,2125
245639.723,40,3073.4,2412,2117.2
245639.763,40,3095.6,2398.2,2110.8
245639.803,40,3127.4,2400,2114.8
245639.843,40,3172.2,2421.6,2112.2
245639.883,40,3221.8,2444,2115.4
245639.923,40,3249.2,2469.6,2123.6
245639.963,40,3246,2486.8,2125.6
245640.003,40,3229.8,2509.6,2132.6
245640.043,40,3223.4,2561.8,2141.6
245640.083,40,3189.2,2630.8,2161.6
245640.123,40,3104.2,2723.8,2190.8
245640.163,40,3005,2872,2231.8
245640.203,40,2864.4,3017.6,2290.8
245640.243,40,2707.2,3150.8,2372.8
245640.283,40,2563.2,3244.2,2473.2
245640.323,40,2472.8,3277,2563.4
245640.363,40,2464,3280.4,2582.4
245640.403,40,2585,3306.8,2490.4
245640.443,40,2796,3249.4,2385
245640.483,40,3064.4,3076.6,2291.4
245640.523,40,3297,2867,2222
245640.563,40,3469.8,2702.4,2172.4
245640.603,40,3463.8,2557,2139
245640.643,40,3428.2,2465.4,2114.6
245640.683,40,3354.6,2396.8,2096.4
245640.723,40,3312,2368.2,2089.6
245640.763,40,3319.6,2365.2,2091.2
245640.803,40,3327.6,2382.4,2091.2
245640.843,40,3367,2404.6,2096.6
245640.883,40,3394.2,2426.4,2100.8
245640.923,40,3406.8,2443.4,2108.6
245640.963,40,3445.4,2471,2112.2
245641.003,40,3475.4,2499,2113
245641.043,40,3468,2535.2,2123
245641.083,40,3374.4,2574.4,2130.8
245641.123,40,3439.2,2658.4,2149.4
245641.163,40,3527.2,2799.8,2167.6
245641.203,40,3448.6,2947.4,2197.4
245641.243,40,3295.2,3121.4,2245.2
245641.283,40,3099,3338,2306.2
245641.323,40,2872.8,3558.8,2399.4
245641.363,40,2660.8,3695.4,2532.4
245641.403,40,2486.8,3741,2713.6
245641.443,40,2382.2,3677.4,2886.8
245641.483,40,2358,3628.2,2930.2
245641.523,40,2471.6,3739.8,2773.4
245641.563,40,2700.8,3736.8,2569
245641.603,40,2999.4,3554.6,2407.6
245641.643,40,3326.4,3287.2,2306.6
245641.683,40,3550.4,3002,2226
245641.723,40,3660.6,2775.8,2173
245641.763,40,3772.6,2637.4,2138.4
245641.803,40,3713.2,2526.6,2117.2
245641.843,40,3645.6,2464.2,2106.8
245641.883,40,3619.8,2436.4,2097.2
245641.923,40,3618.8,2443.4,2100.6
245641.963,40,3655.4,2472.4,2103.6
245642.003,40,3705.8,2513.8,2111.8
245642.043,40,3721.8,2546.4,2116.8
245642.083,40,3725.2,2591.2,2126.4
245642.123,40,3745.2,2666.4,2135.8
245642.163,40,3699.8,2798.2,2158.4
245642.203,40,3504.4,2983,2205
245642.243,40,3235.6,3239,2268
245642.283,40,2944.4,3528.8,2373.6
245642.323,40,2634.4,3690.4,2549.4
245642.363,40,2398.8,3660.8,2841
245642.403,40,2280,3524.8,3181.2
245642.443,40,2249,3439.8,3267.6
245642.483,40,2334.6,3578.6,3043
245642.523,40,2511.6,3705.4,2759
245642.563,40,2766.8,3576,2522.4
245642.603,40,3056.2,3357.2,2376.8
245642.643,40,3297.6,3078.4,2262.8
245642.683,40,3455.2,2850.2,2204.6
245642.723,40,3492.4,2692,2164.2
245642.763,40,3478.6,2589.6,2142
245642.803,40,3428.4,2534.8,2132.4
245642.843,40,3453.6,2523.2,2127.4
245642.883,40,3482.2,2549,2129.4
245642.923,40,3510.2,2591.2,2137.6
245642.963,40,3550.8,2649.8,2146.4
245643.003,40,3541,2699.6,2154.6
245643.043,40,3537.8,2776.8,2170.6
245643.083,40,3459.2,2874.6,2193.4
245643.123,40,3301.8,3006,2228.4
245643.163,40,3096.2,3160.8,2275.4
245643.203,40,2887,3355.2,2355.6
245643.243,40,2684.8,3509,2467.8
245643.283,40,2498.2,3590.6,2643.6
245643.323,40,2351.2,3538.6,2876.2
245643.363,40,2258.8,3404.6,3144.2
245643.403,40,2231,3290,3234.8
245643.443,40,2274.8,3477,3176.6
245643.483,40,2421.2,3801.4,2905.8
245643.523,40,2669.8,3817.8,2617
245643.563,40,2998.4,3703,2451.6
245643.603,40,3297.2,3417.2,2336.6
245643.643,40,3485.6,3124,2253.6
245643.683,40,3605,2913.2,2206.4
245643.723,40,3632,2765.2,2172.4
245643.763,40,3646.4,2693.6,2156.4
245643.803,40,3623.6,2658.2,2150.4
245643.843,40,3599.6,2670.2,2154.6
245643.883,40,3577.2,2715.8,2164.4
245643.923,40,3570,2763.8,2175.4
245643.963,40,3532,2777.4,2174.6
245644.003,40,3501.8,2798.2,2179.4
245644.043,40,3491.6,2833.2,2189.4
245644.083,40,3453,2861.4,2197.8
245644.123,40,3427.4,2889.2,2210.6
245644.163,40,3400.4,2930.4,2210.4
245644.203,40,3366.2,2993.4,2224.2
245644.243,40,3300.4,3075.8,2244.6
245644.283,40,3181.4,3200.4,2281
245644.323,40,2994.6,3326.2,2335.8
245644.363,40,2784.8,3507,2423.4
245644.403,40,2592.8,3612.2,2561.6
245644.443,40,2415.2,3592.8,2766.4
245644.483,40,2289.4,3464.6,3040.6
245644.523,40,2218.4,3243.6,3254.4
245644.563,40,2214.2,3194.6,3266.8
245644.603,40,2301.2,3574.6,3130.2
245644.643,40,2490.6,3744.8,2785.4
245644.683,40,2757.4,3704.6,2539.4
245644.723,40,3090,3583.8,2399
245644.763,40,3343.6,3302.4,2303.4
245644.803,40,3518.2,3072.4,2240.8
245644.843,40,3592,2912.2,2201
245644.883,40,3643.2,2813,2183
245644.923,40,3585.8,2734,2169.8
245644.963,40,3543.8,2703.8,2161.8
245645.003,40,3499.6,2707.4,2168.6
245645.043,40,3458,2738.4,2173
245645.083,40,3384.2,2767.6,2185.2
245645.123,40,3279.4,2803,2199.2
245645.163,40,3156,2839.4,2218.2
245645.203,40,3027.8,2891,2247.6
245645.243,40,2890,2952.4,2281.2
245645.283,40,2754.6,3009,2328.2
245645.323,40,2633.8,3076.8,2388.2
245645.363,40,2518,3120.2,2467
245645.403,40,2411.6,3102.4,2561.8
245645.443,40,2311.8,3022.8,2659.6
245645.483,40,2241.8,2930.4,2771
245645.523,40,2197.4,2831.8,2870.2
245645.563,40,2177.4,2793.4,2904
245645.603,40,2204.6,2838.4,2867.2
245645.643,40,2279.6,2910.6,2712.4
245645.683,40,2414.8,3074.4,2603.4
245645.723,40,2611.2,3170.2,2490.6
245645.763,40,2840,3152.4,2388.6
245645.803,40,3069,3070.8,2301
245645.843,40,3245,2926.2,2238.2
245645.883,40,3361,2795.4,2200.4
245645.923,40,3430.6,2714.2,2174.4
245645.963,40,3453.8,2674.2,2163.8
245646.003,40,3460.8,2676.8,2165.4
245646.043,40,3442.4,2711,2172
245646.083,40,3384.4,2748.4,2182.8
245646.123,40,3356,2781,2192.8
245646.163,40,3294.8,2811.8,2204.2
245646.203,40,3251,2861.6,2219.2
245646.243,40,3170.4,2915.4,2241
245646.283,40,3063.6,2993.4,2269.2
245646.323,40,2934.6,3089,2307.8
245646.363,40,2794.8,3210.4,2373
245646.403,40,2643,3370.2,2465.8
245646.443,40,2484,3431,2609.2
245646.483,40,2355.6,3383.8,2794.6
245646.523,40,2258.4,3237.8,3012
245646.563,40,2196.2,3066.2,3166
245646.603,40,2188.2,2911.2,3088
245646.643,40,2207.4,3067.8,3134.4
245646.683,40,2284.8,3295.6,3003.4
245646.723,40,2419.6,3504,2807.2
245646.763,40,2618.2,3552.6,2601.6
245646.803,40,2882.6,3471,2444.4
245646.843,40,3151.8,3272,2334
245646.883,40,3356.8,3043.8,2253.6
245646.923,40,3481.2,2840.2,2199.4
245646.963,40,3523,2696.2,2165.2
245647.003,40,3532.4,2595.4,2141
245647.043,40,3523,2531.2,2126.4
245647.083,40,3476,2496,2124.6
245647.123,40,3452.6,2484.4,2121.6
245647.163,40,3446.4,2489.2,2120.4
245647.203,40,3414.6,2514.2,2130.8
245647.243,40,3417.8,2533,2130.2
245647.283,40,3405.6,2538.4,2134
245647.323,40,3405.4,2556.6,2136.4
245647.363,40,3426.2,2576.8,2140
245647.403,40,3495,2598,2142
245647.443,40,3508.6,2612.8,2142.6
245647.483,40,3519.4,2652.4,2150.2
245647.523,40,3509,2724.6,2162.8
245647.563,40,3375.8,2863,2197.6
245647.603,40,3128.2,3070,2258.6
245647.643,40,2897,3306.4,2351.4
245647.683,40,2703.8,3457.2,2451.2
245647.723,40,2700.4,3528,2475.2
245647.763,40,3001.2,3516.2,2366.8
245647.803,40,3336,3184.6,2266.8
245647.843,40,3577,2873,2192.4
245647.883,40,3723.4,2667.6,2144.4
245647.923,40,3670.2,2525.8,2118
245647.963,40,3540.6,2430.2,2098
245648.003,40,3437.8,2382.2,2088.4
245648.043,40,3350.2,2353.6,2083.8
245648.083,40,3326,2352.6,2083.8
245648.123,40,3321,2370.6,2088.4
245648.163,40,3356.8,2388.6,2094.6
245648.203,40,3368.4,2408.2,2095.2
245648.243,40,3353.8,2416.8,2097.8
245648.283,40,3364.6,2422.8,2102
245648.323,40,3397,2439.6,2103.6
245648.363,40,3369.6,2460,2105.8
245648.403,40,3363,2505.6,2117.8
245648.443,40,3510.4,2630,2140.2
245648.483,40,3476.4,2851.6,2179.4
245648.523,40,3260.4,3150.8,2243.6
245648.563,40,3008.2,3409.8,2339.4
245648.603,40,3113,3502.4,2338.2
245648.643,40,3386,3224.6,2259.6
245648.683,40,3564.2,2922.6,2200
245648.723,40,3674.6,2714.4,2154.2
245648.763,40,3709.8,2578,2133
245648.803,40,3639.8,2483.8,2112.8
245648.843,40,3522.2,2409.8,2095.8
245648.883,40,3397.4,2367.4,2089.6
245648.923,40,3346.6,2351.8,2087
245648.963,40,3318.6,2347.8,2088.2
245649.003,40,3303.6,2365,2090.6
245649.043,40,3320,2393.4,2098.2
245649.083,40,3326.4,2399.4,2096
245649.123,40,3302.6,2404.6,2096.2
245649.163,40,3282.6,2407.4,2103.2
245649.203,40,3282.6,2430,2100.2
245649.243,40,3263,2433.8,2107.2
245649.283,40,3230,2440.6,2110.8
245649.323,40,3220.6,2446.2,2114.2
245649.363,40,3250.8,2479.2,2124.2
245649.403,40,3221.8,2526,2134.2
245649.443,40,3238.6,2672,2162.4
245649.483,40,3133,2880.6,2218.2
245649.523,40,2946.2,3118.2,2297.6
245649.563,40,2777.2,3295.2,2381.8
245649.603,40,2880.8,3397.4,2385.8
245649.643,40,3133.6,3281.8,2307
245649.683,40,3378,3020.6,2234.4
245649.723,40,3584,2796.6,2178
245649.763,40,3688.8,2628.6,2143.2
245649.803,40,3635.6,2504.6,2115.2
245649.843,40,3519.6,2422.2,2096.6
245649.883,40,3397,2372.6,2087.8
245649.923,40,3356.6,2345.8,2084.4
245649.963,40,3363,2351.2,2089.2
245650.003,40,3359.2,2359.6,2089.6
245650.043,40,3369.6,2380,2093.8
245650.083,40,3396.4,2385.8,2094.4
245650.123,40,3386,2389,2092.2
245650.163,40,3375.2,2399.2,2095.6
245650.203,40,3369.4,2409.4,2099.2
245650.243,40,3358.8,2411.8,2099
245650.283,40,3337.2,2425.6,2100.6
245650.323,40,3307.2,2441.4,2110
245650.363,40,3300.6,2466.6,2116.6
245650.403,40,3252,2516.4,2124.2
245650.443,40,3215.8,2630.2,2154.6
245650.483,40,3207,2832.2,2199.4
245650.523,40,3030.4,3035.8,2265.8
245650.563,40,2864.4,3184.4,2327
245650.603,40,2898.4,3217.2,2333.8
245650.643,40,3154.8,3149,2275.2
245650.683,40,3470.4,2945.6,2207.4
245650.723,40,3570.8,2703,2160.4
245650.763,40,3690,2561,2125.4
245650.803,40,3579,2453,2103.4
245650.843,40,3450.2,2381.6,2095.2
245650.883,40,3367.6,2342.6,2083.2
245650.923,40,3310.4,2326.4,2074.8
245650.963,40,3326.2,2321,2078.2
245651.003,40,3325.8,2339.8,2081.4
245651.043,40,3348.4,2362.2,2088.8
245651.083,40,3360,2372.6,2092.2
245651.123,40,3337.6,2376.2,2091
245651.163,40,3315.2,2382.8,2097
245651.203,40,3326,2394,2097.2
245651.243,40,3321.6,2403.4,2096
245651.283,40,3339,2416,2101
245651.323,40,3328,2435.2,2103.4
245651.363,40,3335,2456.8,2106.6
245651.403,40,3345.2,2491.4,2118.2
245651.443,40,3371.2,2598,2138.2
245651.483,40,3354.2,2784,2177.4
245651.523,40,3154,3016,2248.2
245651.563,40,2925,3210,2324.8
245651.603,40,2896.8,3245.4,2338.4
245651.643,40,3102.8,3134.4,2282.6
245651.683,40,3332.4,2921.4,2216.4
245651.723,40,3521.8,2727.8,2171.4
245651.763,40,3584.8,2576.6,2137.2
245651.803,40,3480.2,2466.2,2112.6
245651.843,40,3350,2381.6,2095.2
245651.883,40,3254.8,2341.8,2087
245651.923,40,3196.8,2322.6,2084.8
245651.963,40,3191.8,2322.6,2083
245652.003,40,3215.8,2335.4,2087.2
245652.043,40,3256.6,2356.4,2088
245652.083,40,3268.4,2369.2,2091.2
245652.123,40,3267.8,2365.4,2091.8
245652.163,40,3271.4,2372.8,2090
245652.203,40,3279.2,2386.8,2097.2
245652.243,40,3269.6,2393.2,2099.2
245652.283,40,3245.2,2400.8,2097.2
245652.323,40,3243.2,2423,2103.8
245652.363,40,3243,2426.2,2102
245652.403,40,3225,2436.4,2109.2
245652.443,40,3224.8,2449.8,2112.6
245652.483,40,3231.8,2477.4,2117.8
245652.523,40,3259.6,2543.4,2135
245652.563,40,3262.2,2658.8,2160
245652.603,40,3177.4,2804.2,2194.4
245652.643,40,3014.2,2994,2257.4
245652.683,40,2831.6,3169.2,2338.2
245652.723,40,2758,3244.4,2380.4
245652.763,40,2947.6,3226.4,2328.2
245652.803,40,3253.2,3010.8,2242.8
245652.843,40,3497.4,2765.4,2177.4
245652.883,40,3693.2,2590.2,2134.8
245652.923,40,3563.8,2452.6,2105.2
245652.963,40,3374,2363,2088
245653.003,40,3204.2,2312.2,2079.6
245653.043,40,3143,2288.6,2079.6
245653.083,40,3144.2,2287.4,2072.8
245653.123,40,3212.2,2309,2083.8
245653.163,40,3267,2329.4,2079.2
245653.203,40,3290,2339.6,2080.6
245653.243,40,3236.6,2341.2,2085.8
245653.283,40,3231.8,2352,2088.2
245653.323,40,3239.6,2368.4,2090.6
245653.363,40,3221.6,2378.6,2097
245653.403,40,3174,2388.2,2100.4
245653.443,40,3154.2,2403.6,2102.6
245653.483,40,3160,2426.4,2110
245653.523,40,3167.6,2471.6,2120.8
245653.563,40,3227.6,2559.6,2136.4
245653.603,40,3212.6,2685.2,2167.4
245653.643,40,3132,2856,2215.4
245653.683,40,2979.8,3069,2280
245653.723,40,2813,3252.4,2357.2
245653.763,40,2763.2,3340.8,2405.2
245653.803,40,2934.4,3327.2,2347
245653.843,40,3243,3135.8,2262.2
245653.883,40,3461.4,2857,2195.4
245653.923,40,3565.6,2655.8,2156.2
245653.963,40,3599.8,2527.2,2126.2
245654.003,40,3485,2430.8,2105
245654.043,40,3381,2371,2087
245654.083,40,3281.8,2341.2,2088.4
245654.123,40,3257.6,2327,2084.6
245654.163,40,3241.4,2336.2,2085.8
245654.203,40,3265.2,2354.2,2087.4
245654.243,40,3290.6,2376,2099.4
245654.283,40,3288.6,2387.2,2096.8
245654.323,40,3277,2392,2101.2
245654.363,40,3283.6,2403.2,2101.2
245654.403,40,3300,2422,2103.6
245654.443,40,3294.8,2436,2107.4
245654.483,40,3265.4,2446.2,2114.6
245654.523,40,3265,2470,2116.6
245654.563,40,3260.6,2482.2,2122.6
245654.603,40,3221,2501.6,2128
245654.643,40,3218.4,2562.6,2143.2
245654.683,40,3164.6,2696,2173.8
245654.723,40,3032.4,2878.4,2231
245654.763,40,2815.2,3049.2,2309.6
245654.803,40,2638.2,3109.6,2394.6
245654.843,40,2623.8,3122,2408
245654.883,40,2807,3115.6,2344.8
245654.923,40,3028.8,2959,2262.4
245654.963,40,3280.2,2822.4,2203.4
245655.003,40,3485.4,2680.6,2168
245655.043,40,3430.2,2544.2,2133.2
245655.083,40,3465.4,2472.6,2117.2
245655.123,40,3423.2,2422.6,2103.2
245655.163,40,3407.2,2408.4,2101
245655.203,40,3415.6,2417.2,2100.2
245655.243,40,3438.2,2436.4,2104
245655.283,40,3443.6,2462.2,2114.8
245655.323,40,3440.8,2462.8,2113.8
245655.363,40,3408.8,2479.2,2113.8
245655.403,40,3387.2,2485.8,2119
245655.443,40,3398.4,2498.6,2112.6
245655.483,40,3381.6,2512.4,2128
245655.523,40,3402,2533.2,2131
245655.563,40,3383.6,2562.4,2135.8
245655.603,40,3357,2639,2150.2
245655.643,40,3306.6,2773.8,2181.6
245655.683,40,3166.6,2996.2,2237.4
245655.723,40,2923.6,3207.4,2320.6
245655.763,40,2690.8,3348.6,2430.6
245655.803,40,2553.8,3374.6,2525.8
245655.843,40,2605.6,3391.2,2498.8
245655.883,40,2837,3371.6,2393
245655.923,40,3142.6,3191.6,2296.4
245655.963,40,3398.8,2945.8,2221.2
245656.003,40,3535.2,2750.6,2175.4
245656.043,40,3560.8,2608,2140.2
245656.083,40,3603,2519.8,2121.2
245656.123,40,3521.6,2460,2105
245656.163,40,3496,2433.2,2104.2
245656.203,40,3514.4,2428.6,2100.6
245656.243,40,3518,2439,2097
245656.283,40,3502.8,2445.6,2103.8
245656.323,40,3500.6,2462.8,2105.6
245656.363,40,3506.6,2472.2,2109.2
245656.403,40,3533.2,2481.6,2112.2
245656.443,40,3547.2,2503.2,2115.8
245656.483,40,3540.6,2514.8,2115.8
245656.523,40,3545.4,2529.6,2123.2
245656.563,40,3530,2539,2123.6
245656.603,40,3527.4,2558.4,2129.8
245656.643,40,3514.4,2567,2127.6
245656.683,40,3508.6,2578.6,2128
245656.723,40,3516.2,2584.6,2136.2
245656.763,40,3513.8,2603.6,2137.4
245656.803,40,3503.2,2620.6,2139
245656.843,40,3485,2638.8,2146
245656.883,40,3453.2,2651.4,2148.4
245656.923,40,3421.6,2674.4,2159
245656.963,40,3382.2,2723.2,2165.6
245657.003,40,3318.4,2813.8,2191.2
245657.043,40,3185.6,2967.4,2229.2
245657.083,40,2970.6,3142.8,2296.2
245657.123,40,2745.4,3276.2,2387.6
245657.163,40,2560.8,3316.6,2497.8
245657.203,40,2444.6,3277.2,2592.8
245657.243,40,2417.4,3232.6,2604.4
245657.283,40,2509.8,3250.2,2525.4
245657.323,40,2660.8,3219.2,2426.8
245657.363,40,2887.2,3165.8,2344.8
245657.403,40,3143.2,3026.4,2264.6
245657.443,40,3318.8,2847.2,2213
245657.483,40,3455.2,2714.6,2177.6
245657.523,40,3492,2626.4,2149.2
245657.563,40,3557.2,2567.8,2130.8
245657.603,40,3553.6,2529,2121.2
245657.643,40,3559.2,2516,2121.8
245657.683,40,3551.4,2529.6,2120.4
245657.723,40,3558.6,2581,2135.2
245657.763,40,3555.6,2636,2142.8
245657.803,40,3528.2,2678.4,2154.4
245657.843,40,3481.6,2723.4,2160.2
245657.883,40,3435.8,2781,2178.2
245657.923,40,3375.6,2865.8,2198
245657.963,40,3309.6,3002.4,2226.8
245658.003,40,3197.6,3219,2276
245658.043,40,2977.8,3462.2,2351.4
245658.083,40,2725.2,3672.8,2489.8
245658.123,40,2515.4,3750.4,2677.8
245658.163,40,2379.6,3684.6,2889.2
245658.203,40,2323,3633.2,3023.2
245658.243,40,2375.6,3721.2,2922.6
245658.283,40,2554.4,3828.6,2696.6
245658.323,40,2854.8,3683.2,2478
245658.363,40,3275.6,3386,2328.6
245658.403,40,3589,2989.6,2233
245658.443,40,3682.4,2691.6,2155
245658.483,40,3598.4,2493.8,2116.6
245658.523,40,3393.2,2357.6,2086.2
245658.563,40,3190.6,2273.4,2067.4
245658.603,40,2988.6,2220.8,2062.4
245658.643,40,2848.4,2193.4,2053.8
245658.683,40,2785.2,2182.2,2047.8
245658.723,40,2835,2186.4,2054.2
245658.763,40,2958.6,2220,2055.8
245658.803,40,3203.8,2292.6,2070.8
245658.843,40,3426.6,2419,2097.2
245658.883,40,3516.2,2651.8,2143.4
245658.923,40,3251,2960.8,2218.8
245658.963,40,2900.6,3233.2,2325.6
245659.003,40,2699,3301.4,2421.8
245659.043,40,2850,3285.6,2394.8
245659.083,40,3113.2,3107.6,2297.6
245659.123,40,3355.4,2847.6,2217.6
245659.163,40,3493.8,2621,2152.8
245659.203,40,3406.2,2443.6,2106.8
245659.243,40,3161.6,2322.2,2083.4
245659.283,40,2948.6,2252,2071.4
245659.323,40,2788.6,2202.4,2062.2
245659.363,40,2668.2,2175.2,2054.4
245659.403,40,2611,2167.6,2049.6
245659.443,40,2641.8,2173.2,2053.4
245659.483,40,2775,2206,2062.6
245659.523,40,2950.4,2267.2,2068
245659.563,40,3202.6,2384,2097
245659.603,40,3308.8,2576.6,2138
245659.643,40,3157,2850.2,2210.8
245659.683,40,2871.6,3088.2,2305.4
245659.723,40,2655.6,3198,2413.2
245659.763,40,2681.8,3277.2,2440
245659.803,40,2894.6,3164.4,2354
245659.843,40,3191.4,2970.4,2261.2
245659.883,40,3335,2720.2,2192
245659.923,40,3348.6,2527.6,2139.6
245659.963,40,3189,2386,2101.4
245660.003,40,3011.6,2298.6,2084.8
245660.043,40,2848,2239.2,2069.2
245660.083,40,2718.2,2201,2058.6
245660.123,40,2639.6,2179,2056.8
245660.163,40,2598.2,2165.8,2053.8
245660.203,40,2615.4,2174,2057
245660.243,40,2710.2,2197.8,2061
245660.283,40,2885.2,2260.2,2074.4
245660.323,40,3136.6,2384,2098.4
245660.363,40,3211.4,2595,2149.2
245660.403,40,3025.8,2895.6,2236.8
245660.443,40,2733.8,3135.2,2365
245660.483,40,2514.6,3229.2,2513.6
245660.523,40,2534,3323,2581
245660.563,40,2725.4,3414.4,2501.4
245660.603,40,3084,3353.4,2372.2
245660.643,40,3268.6,2948,2253.4
245660.683,40,3530.4,2707.8,2173.6
245660.723,40,3506.6,2494.2,2124.8
245660.763,40,3296.4,2356.6,2090.8
245660.803,40,3130.4,2270.8,2079.2
245660.843,40,2897.4,2216.8,2067.6
245660.883,40,2752.4,2187,2054.2
245660.923,40,2644.8,2169.6,2050.2
245660.963,40,2608.6,2155,2048.4
245661.003,40,2623,2162,2047.2
245661.043,40,2684.4,2181,2052.6
245661.083,40,2802.4,2212.2,2063.8
245661.123,40,2996.6,2275,2075.6
245661.163,40,3179.8,2376.8,2097.4
245661.203,40,3248,2546.2,2129.8
245661.243,40,3151.4,2767.8,2192.8
245661.283,40,2968.2,2988,2267.8
245661.323,40,2864.6,3107.8,2320.4
245661.363,40,2979.6,3113,2298
245661.403,40,3278.2,2984,2230.4
245661.443,40,3468.8,2781.6,2178.4
245661.483,40,3528,2611.2,2141.8
245661.523,40,3553.8,2503.2,2122.4
245661.563,40,3499.4,2437.4,2103
245661.603,40,3423.2,2391.4,2096.6
245661.643,40,3412.6,2377,2093.8
245661.683,40,3403.2,2385.4,2093.6
245661.723,40,3431.6,2402.2,2094.6
245661.763,40,3447,2429.4,2100.6
245661.803,40,3468.6,2442,2104.8
245661.843,40,3458.4,2449.6,2104
245661.883,40,3433.4,2459.4,2109.8
245661.923,40,3433.6,2476.4,2113.4
245661.963,40,3452.6,2494,2115.8
245662.003,40,3402.4,2502.6,2117.8
245662.043,40,3401,2526.6,2127.2
245662.083,40,3378.8,2572.2,2134.8
245662.123,40,3368.8,2662.8,2153
245662.163,40,3459.2,2878.6,2192.8
245662.203,40,3322,3167.2,2247
245662.243,40,3084.2,3472.8,2332.6
245662.283,40,2880,3638.2,2413
245662.323,40,2950.8,3613.6,2392.8
245662.363,40,3216.8,3422.8,2311
245662.403,40,3478.4,3128.6,2243.2
245662.443,40,3620.4,2871.8,2189.6
245662.483,40,3701.2,2710,2152.6
245662.523,40,3698.4,2608,2142.4
245662.563,40,3665.4,2543.6,2119.2
245662.603,40,3621,2504.2,2117.8
245662.643,40,3599.4,2490.4,2114
245662.683,40,3562.4,2496,2115.8
245662.723,40,3549.8,2516.6,2120.6
245662.763,40,3547.4,2537.8,2122.4
245662.803,40,3533,2547.8,2127.6
245662.843,40,3524.2,2559.6,2128.8
245662.883,40,3518,2565.4,2132
245662.923,40,3538.8,2580,2135.2
245662.963,40,3506,2591.2,2137.2
245663.003,40,3499.2,2609.2,2143.6
245663.043,40,3490.6,2620.8,2143.4
245663.083,40,3474.6,2640.2,2145
245663.123,40,3488.2,2659.8,2155
245663.163,40,3480,2675.2,2155
245663.203,40,3469.2,2692.4,2160
245663.243,40,3501,2735.6,2163.4
245663.283,40,3504.4,2796.2,2177.8
245663.323,40,3500,2861,2188.2
245663.363,40,3464.8,2944.6,2204.4
245663.403,40,3396.8,3049.2,2219
245663.443,40,3287.8,3207.2,2255.6
245663.483,40,3158,3421.2,2307.6
245663.523,40,2976.8,3636.2,2380
245663.563,40,2770.2,3781.6,2488
245663.603,40,2611.2,3910.6,2626.4
245663.643,40,2500,3894.4,2755
245663.683,40,2492.2,3879.4,2756.6
245663.723,40,2613.4,3905.2,2631.8
245663.763,40,2817.4,3740.6,2480.2
245663.803,40,3094,3523,2364.2
245663.843,40,3351.8,3240.2,2277.4
245663.883,40,3516,2997.6,2230.8
245663.923,40,3587.4,2828.8,2187.6
245663.963,40,3598.6,2718.4,2162.2
245664.003,40,3565,2640.4,2149.4
245664.043,40,3541.6,2600.4,2142.6
245664.083,40,3518,2586.4,2141.4
245664.123,40,3523.6,2616.4,2144.2
245664.163,40,3536.6,2659.2,2151.8
245664.203,40,3500.2,2681.4,2159.8
245664.243,40,3479,2701,2161.8
245664.283,40,3445.4,2731.6,2171.4
245664.323,40,3423.6,2788,2185.8
245664.363,40,3334.2,2846.4,2197.4
245664.403,40,3226.4,2916.4,2224.8
245664.443,40,3095.4,3001.8,2258
245664.483,40,2942,3086.8,2298
245664.523,40,2780,3234,2364
245664.563,40,2609.6,3334.4,2470.4
245664.603,40,2440,3318.2,2603.2
245664.643,40,2313.2,3192.4,2767.8
245664.683,40,2233,3029,2907.6
245664.723,40,2202.4,2914.8,2934.6
245664.763,40,2240.2,2931.2,2818.2
245664.803,40,2333.6,3076.8,2703
245664.843,40,2479,3173,2566
245664.883,40,2665.8,3175.8,2448.4
245664.923,40,2849.2,3074.8,2360.8
245664.963,40,2985.4,2955.8,2290.4
245665.003,40,3078.8,2845.8,2243.6
245665.043,40,3149.4,2775.2,2215.6
245665.083,40,3200.6,2729.4,2196
245665.123,40,3238,2701,2185
245665.163,40,3236,2695.6,2182
245665.203,40,3226.8,2725.8,2190.6
245665.243,40,3190.6,2747.6,2201
245665.283,40,3166.6,2777.6,2208.8
245665.323,40,3129,2792,2217.2
245665.363,40,3071.6,2836,2231.6
245665.403,40,2995,2899.6,2260.8
245665.443,40,2864.6,2976.2,2295.8
245665.483,40,2692.8,3066.8,2363.4
245665.523,40,2524.4,3189.8,2481.6
245665.563,40,2383,3137.4,2606.4
245665.603,40,2276,3015.6,2749.2
245665.643,40,2220.2,2906.2,2840.6
245665.683,40,2227.4,2851.8,2767.2
245665.723,40,2319.4,2966.4,2655.4
245665.763,40,2472.4,3047.4,2525.8
245665.803,40,2691.4,3077.4,2409.6
245665.843,40,2909.8,3010.2,2326
245665.883,40,3094.6,2882,2250.4
245665.923,40,3261,2766.2,2209
245665.963,40,3333,2677.8,2174.8
245666.003,40,3393.2,2617.6,2153.8
245666.043,40,3402.8,2579.4,2141.4
245666.083,40,3408,2572.2,2142.2
245666.123,40,3413.2,2593.8,2147.6
245666.163,40,3436.8,2633,2152.4
245666.203,40,3436.8,2669.2,2160.8
245666.243,40,3411.2,2707.4,2169
245666.283,40,3377,2754,2182
245666.323,40,3315,2834.2,2198.4
245666.363,40,3188.4,2927,2229
245666.403,40,3075.6,3068.4,2270.8
245666.443,40,2937.8,3251.4,2329.8
245666.483,40,2767.4,3417.8,2412.2
245666.523,40,2588.6,3485.2,2530.8
245666.563,40,2431,3459.2,2688.6
245666.603,40,2314.8,3323.4,2859.8
245666.643,40,2242,3186.8,3029.2
245666.683,40,2219.6,3108.2,3082.4
245666.723,40,2261.8,3186.2,2952.4
245666.763,40,2410,3480.4,2790.2
245666.803,40,2658,3629.6,2575.2
245666.843,40,2962.8,3509,2420.8
245666.883,40,3261,3284.4,2314.6
245666.923,40,3381.6,3039,2237.4
245666.963,40,3478.6,2858.4,2198.2
245667.003,40,3524.6,2758.6,2174
245667.043,40,3554,2709,2168.6
245667.083,40,3591.2,2699.6,2155.6
245667.123,40,3598.2,2717.4,2162.4
245667.163,40,3593.2,2761.4,2173.4
245667.203,40,3560,2803,2182.8
245667.243,40,3538.4,2831,2187.2
245667.283,40,3440.8,2841,2196.4
245667.323,40,3382.6,2869.6,2210.6
245667.363,40,3297.2,2908.2,2221
245667.403,40,3191,2956.4,2237.8
245667.443,40,3049.2,3017,2268.6
245667.483,40,2903,3090.4,2315.4
245667.523,40,2731.6,3123.8,2366.6
245667.563,40,2578,3191.8,2444.8
245667.603,40,2458.8,3249.6,2566.2
245667.643,40,2340.8,3178.8,2705.6
245667.683,40,2250,3038.4,2853
245667.723,40,2193.2,2880.6,2972.4
245667.763,40,2183.4,2667.4,2765.2
245667.803,40,2198.8,2743.8,2803
245667.843,40,2265.8,2893,2759
245667.883,40,2379.2,3070,2651
245667.923,40,2570.6,3232,2541.6
245667.963,40,2799.6,3206.6,2423.2
245668.003,40,3058,3138.8,2327.4
245668.043,40,3226.8,2957.6,2254.2
245668.083,40,3336.2,2807.8,2208
245668.123,40,3420,2709.2,2174.2
245668.163,40,3423.4,2636,2154.4
245668.203,40,3421.4,2601.6,2147.2
245668.243,40,3404.4,2606.6,2148.8
245668.283,40,3394.4,2637.6,2153.6
245668.323,40,3411.6,2691.8,2171.8
245668.363,40,3417.8,2718,2173.4
245668.403,40,3350,2731.2,2179.2
245668.443,40,3312.6,2768.8,2190.8
245668.483,40,3236.4,2835.2,2205.8
245668.523,40,3116,2908.2,2232
245668.563,40,2982.2,3025.6,2275
245668.603,40,2814.4,3110.2,2332
245668.643,40,2666.6,3242,2414.6
245668.683,40,2503.6,3264.2,2526.8
245668.723,40,2370,3190.4,2655.8
245668.763,40,2269.6,3033.2,2785.6
245668.803,40,2199.6,2867.8,2894.4
245668.843,40,2181.2,2680.6,2771.6
245668.883,40,2195.4,2740.6,2791.2
245668.923,40,2276.8,2914.6,2742.2
245668.963,40,2414,3077.8,2619.6
245669.003,40,2622.2,3204.6,2506.4
245669.043,40,2834.6,3133,2386.4
245669.083,40,3078.8,3034.2,2296.6
245669.123,40,3257.8,2869.8,2232.2
245669.163,40,3352,2733.6,2186.8
245669.203,40,3400,2646.2,2161.6
245669.243,40,3451.6,2590.8,2140.8
245669.283,40,3474,2583.8,2141
245669.323,40,3442.4,2614.4,2150.6
245669.363,40,3416.4,2652.2,2158.4
245669.403,40,3401.6,2703.6,2166
245669.443,40,3344.2,2761.2,2185.4
245669.483,40,3273.4,2826.4,2202
245669.523,40,3202.2,2933,2231.2
245669.563,40,3151.2,3103.8,2265
245669.603,40,3022.6,3254.4,2311
245669.643,40,2871.2,3422.2,2383.6
245669.683,40,2686,3570.6,2494.4
245669.723,40,2496,3625,2671.8
245669.763,40,2353.4,3572.8,2906.2
245669.803,40,2262.6,3400.4,3126.4
245669.843,40,2244.8,3355.8,3209.8
245669.883,40,2304.2,3376.8,2983.2
245669.923,40,2474.2,3668,2764.4
245669.963,40,2723,3598.4,2539.4
245670.003,40,2998.8,3411.4,2397.6
245670.043,40,3248.6,3210.6,2305.8
245670.083,40,3347.2,2975.4,2234
245670.123,40,3429.2,2839,2201.2
245670.163,40,3438.4,2743.8,2182.4
245670.203,40,3418.8,2703.4,2171
245670.243,40,3410,2715.8,2176.4
245670.283,40,3383,2756,2186.6
245670.323,40,3334,2795,2194.2
245670.363,40,3293.4,2807,2205.6
245670.403,40,3237,2824.4,2211
245670.443,40,3188,2847,2220.2
245670.483,40,3106.4,2871.4,2233
245670.523,40,3011.2,2891.4,2249
245670.563,40,2922.6,2926.4,2271.2
245670.603,40,2830,2957.4,2294.8
245670.643,40,2738.4,2980.6,2330
245670.683,40,2646.8,3028,2367.2
245670.723,40,2567.6,3075.4,2416.4
245670.763,40,2481.2,3112,2490.2
245670.803,40,2397,3101.6,2570.2
245670.843,40,2323,3053,2667.8
245670.883,40,2257,2990.6,2783.2
245670.923,40,2218,2926,2862.6
245670.963,40,2225.8,2941,2878
245671.003,40,2292.6,3066.8,2783.8
245671.043,40,2435,3311,2665.8
245671.083,40,2676.2,3490.2,2529
245671.123,40,2994.4,3466.8,2399.6
245671.163,40,3273,3259,2305
245671.203,40,3408,3027.2,2235.2
245671.243,40,3417.4,2828.4,2194.6
245671.283,40,3505.4,2753.6,2172
245671.323,40,3616.2,2724,2163.6
245671.363,40,3733.2,2761.8,2160.2
245671.403,40,3736.8,2821,2171.6
245671.443,40,3738.4,2892.2,2183.4
245671.483,40,3688,2959.2,2193.4
245671.523,40,3623,2996.6,2211.2
245671.563,40,3489.8,3014.4,2221
245671.603,40,3391.2,3073.4,2238.2
245671.643,40,3263.4,3133.6,2266.4
245671.683,40,3106.8,3166.4,2286.8
245671.723,40,2980.4,3252,2331.6
245671.763,40,2823,3297.4,2372.4
245671.803,40,2659.4,3348.4,2443.6
245671.843,40,2524.4,3365.6,2537
245671.883,40,2419,3294.2,2633.4
245671.923,40,2320.2,3186,2748.2
245671.963,40,2255.4,3052,2850.6
245672.003,40,2224.4,2971.6,2910.8
245672.043,40,2237.2,2993.4,2880.8
245672.083,40,2316.2,3128.6,2771
245672.123,40,2458.2,3284,2637.4
245672.163,40,2668,3350.2,2497.8
245672.203,40,2916,3302.8,2395
245672.243,40,3169.8,3196.8,2317.4
245672.283,40,3309.8,3015.6,2249
245672.323,40,3424.2,2878.6,2209.8
245672.363,40,3465.8,2773.8,2186.6
245672.403,40,3512.6,2728,2168.2
245672.443,40,3524.6,2723.6,2170
245672.483,40,3516.4,2754.2,2176.6
245672.523,40,3544.2,2820.4,2183.2
245672.563,40,3516.8,2864.2,2194.6
245672.603,40,3487.2,2919.4,2205.4
245672.643,40,3434,2985.2,2224.6
245672.683,40,3352,3047,2242.6
245672.723,40,3275.8,3135.8,2261.6
245672.763,40,3173.2,3227.8,2289.4
245672.803,40,3041.4,3314.6,2329
245672.843,40,2880.4,3368,2375.6
245672.883,40,2753.8,3447.2,2438.2
245672.923,40,2627.6,3553.6,2525.8
245672.963,40,2500,3565.4,2643
245673.003,40,2387.2,3516,2799.6
245673.043,40,2293.4,3367.4,2982.8
245673.083,40,2229.8,3216.4,3151.8
245673.123,40,2199,3110,3244.8
245673.163,40,2209.8,3089,3127.2
245673.203,40,2319.8,3281.6,2914.2
245673.243,40,2472.2,3398.6,2704.4
245673.283,40,2684.8,3366.2,2519.4
245673.323,40,2948.8,3279,2396.4
245673.363,40,3175.2,3087.4,2292
245673.403,40,3354,2899,2224
245673.443,40,3471.8,2763.6,2181.4
245673.483,40,3500,2673.4,2158.8
245673.523,40,3515,2621.8,2148
245673.563,40,3535.2,2632.2,2149.8
245673.603,40,3531.8,2679.8,2159.2
245673.643,40,3510.6,2737,2168.4
245673.683,40,3431.8,2792.6,2181.2
245673.723,40,3379.8,2877,2204.4
245673.763,40,3310.2,2978.8,2235.4
245673.803,40,3150,3081.4,2261.6
245673.843,40,2966.6,3174,2307.8
245673.883,40,2788.6,3269,2372
245673.923,40,2636.2,3352.4,2456.4
245673.963,40,2490.8,3369,2574.6
245674.003,40,2359,3299.2,2730.4
245674.043,40,2264.6,3145.4,2909.8
245674.083,40,2193.6,2969.4,3076.8
245674.123,40,2201.8,2795.4,2884.4
245674.163,40,2229,2886.6,2879.2
245674.203,40,2327.6,3072.4,2777.2
245674.243,40,2491.6,3229,2632.4
245674.283,40,2695.4,3272.2,2498.2
245674.323,40,2903.6,3187.4,2378.6
245674.363,40,3148.2,3117.8,2295.4
245674.403,40,3299.4,2952.2,2240.2
245674.443,40,3362.8,2825.8,2203
245674.483,40,3381.4,2751,2182.8
245674.523,40,3410.2,2722,2179.4
245674.563,40,3425,2744,2177.4
245674.603,40,3382.8,2793.6,2194.2
245674.643,40,3383,2843,2203.4
245674.683,40,3324.6,2881.2,2214.4
245674.723,40,3264.2,2917.6,2228.6
245674.763,40,3183.8,2965.2,2243.4
245674.803,40,3095.8,3046.8,2273.4
245674.843,40,2974,3126.4,2312.6
245674.883,40,2839.2,3221,2360.2
245674.923,40,2706.8,3342.6,2435.2
245674.963,40,2537.8,3374.6,2543.2
245675.003,40,2386.6,3329.8,2702.4
245675.043,40,2267.4,3128.8,2867
245675.083,40,2196,2913.6,2965.4
245675.123,40,2197.8,2759.8,2794.2
245675.163,40,2270.6,2826.6,2668.4
245675.203,40,2430.8,3146.8,2629.6
245675.243,40,2637.4,3143.2,2474.8
245675.283,40,2884.2,3103,2366
245675.323,40,3101.2,2966.8,2272.6
245675.363,40,3290.8,2813.6,2214.4
245675.403,40,3335.6,2670,2170.2
245675.443,40,3400.6,2581.4,2143.8
245675.483,40,3397.6,2515,2126.8
245675.523,40,3442.6,2489.4,2125.8
245675.563,40,3456.6,2485.4,2117.2
245675.603,40,3458.8,2504.4,2119.6
245675.643,40,3446.6,2534.4,2130.4
245675.683,40,3478,2557.8,2131.8
245675.723,40,3465.6,2567.2,2138.8
245675.763,40,3448.6,2584.2,2140.6
245675.803,40,3445.8,2598.2,2145.6
245675.843,40,3439.6,2613.6,2150.2
245675.883,40,3395.2,2635.8,2150.8
245675.923,40,3347.8,2668.8,2166.4
245675.963,40,3258.8,2718.4,2179
245676.003,40,3123.2,2802,2207.2
245676.043,40,2924.6,2917.6,2256
245676.083,40,2741.2,3064,2333.8
245676.123,40,2580.6,3122,2421
245676.163,40,2475.4,3073.2,2485.6
245676.203,40,2471.4,3028.8,2464.8
245676.243,40,2569.6,2973.6,2392
245676.283,40,2712.6,2927,2324.8
245676.323,40,2892.8,2855.8,2268
245676.363,40,3021.8,2730.8,2215.8
245676.403,40,3059.4,2597.6,2175.8
245676.443,40,3118.4,2525,2144.8
245676.483,40,3097.4,2457.4,2125.6
245676.523,40,3091.8,2415,2114.4
245676.563,40,3111.2,2391.6,2105.4
245676.603,40,3140,2384,2106.4
245676.643,40,3195.8,2396.8,2102.6
245676.683,40,3246.6,2414,2102.8
245676.723,40,3292.2,2427,2106.8
245676.763,40,3332.6,2432.2,2109.8
245676.803,40,3371.4,2446,2109
245676.843,40,3423.8,2455.8,2110.6
245676.883,40,3430.2,2451.4,2105.2
245676.923,40,3425.2,2438.8,2105.6
245676.963,40,3400.6,2420.6,2100.8
245677.003,40,3358.8,2405.8,2100.4
245677.043,40,3310.4,2395.8,2098.6
245677.083,40,3261.4,2389.6,2098.2
245677.123,40,3241,2398.8,2103
245677.163,40,3225.6,2411.8,2106.6
245677.203,40,3242.2,2429.8,2111.4
245677.243,40,3244.2,2436.2,2113
245677.283,40,3264.2,2446.8,2114.8
245677.323,40,3281,2458.4,2115
245677.363,40,3287.8,2473.4,2115.8
245677.403,40,3281,2487.8,2125
245677.443,40,3287.6,2503.4,2122.8
245677.483,40,3285.8,2516.6,2127.6
245677.523,40,3308,2535,2135.2
245677.563,40,3341,2579.6,2143
245677.603,40,3301.6,2645.6,2156.2
245677.643,40,3205,2798.6,2194.8
245677.683,40,3083.2,3076.8,2263
245677.723,40,2850,3344.2,2366.8
245677.763,40,2651.8,3499,2493
245677.803,40,2633.2,3543.2,2513.4
245677.843,40,2840.4,3475.8,2405
245677.883,40,3184.2,3350.6,2307.6
245677.923,40,3460,3038.6,2225.8
245677.963,40,3683,2796.2,2174
245678.003,40,3683.4,2612.8,2134.2
245678.043,40,3563.4,2485,2116
245678.083,40,3414.2,2398.8,2092.6
245678.123,40,3372.6,2363.6,2086.8
245678.163,40,3389.2,2346,2081.6
245678.203,40,3426.6,2354,2088.8
245678.243,40,3479.6,2375.8,2091.2
245678.283,40,3491,2406,2095.8
245678.323,40,3479.2,2416,2095
245678.363,40,3405.8,2416,2098.6
245678.403,40,3385.8,2429.4,2101.8
245678.443,40,3349.6,2445.6,2105.8
245678.483,40,3352.2,2454.6,2108.4
245678.523,40,3297.4,2471.4,2110.6
245678.563,40,3269.6,2499,2123.2
245678.603,40,3263.6,2550,2130.8
245678.643,40,3241.2,2652,2158
245678.683,40,3164.6,2807.4,2195.4
245678.723,40,3008,2990.6,2257
245678.763,40,2835.2,3148.2,2325.6
245678.803,40,2771.4,3193.8,2361.2
245678.843,40,2893.4,3104.8,2309.4
245678.883,40,3097.6,2950.6,2245.8
245678.923,40,3303.2,2785,2194.8
245678.963,40,3376.2,2627.6,2153.6
245679.003,40,3404.8,2516.4,2134.2
245679.043,40,3302.4,2436.8,2110.4
245679.083,40,3228.2,2385.8,2104
245679.123,40,3204,2363.4,2095
245679.163,40,3172.4,2362.8,2091.4
245679.203,40,3199.8,2381,2096.2
245679.243,40,3236.2,2402.4,2103
245679.283,40,3261.2,2412.4,2103.6
245679.323,40,3240.6,2417.6,2104.2
245679.363,40,3265,2431.4,2107
245679.403,40,3262.4,2432.2,2109
245679.443,40,3220.2,2438.4,2106.4
245679.483,40,3217.6,2452.6,2114.6
245679.523,40,3189.4,2460.4,2114
245679.563,40,3207.2,2469.6,2118.6
245679.603,40,3169.8,2470.8,2122.6
245679.643,40,3140.4,2480.2,2126
245679.683,40,3151.8,2509,2129.4
245679.723,40,3153.6,2578.6,2149
245679.763,40,3137.2,2737.4,2183
245679.803,40,2972.8,2919.4,2244.8
245679.843,40,2779.6,3093,2332.6
245679.883,40,2697.6,3172.4,2389.6
245679.923,40,2930.8,3147.6,2338.8
245679.963,40,3185.8,2919.2,2245.4
245680.003,40,3341.4,2705.8,2185.8
245680.043,40,3364.6,2525.6,2139
245680.083,40,3220.4,2398.6,2110
245680.123,40,3059,2314,2087
245680.163,40,2936.4,2269.4,2077.6
245680.203,40,2857.4,2246.8,2067.6
245680.243,40,2834.8,2242.6,2069.8
245680.283,40,2865.8,2255.6,2075.6
245680.323,40,2884.2,2264.4,2073.4
245680.363,40,2909,2275.8,2075.8
245680.403,40,2914.6,2283.4,2082
245680.443,40,2925.6,2285.8,2087.2
245680.483,40,2945.2,2290,2081.8
245680.523,40,2963.4,2299.4,2085.4
245680.563,40,2983.2,2305,2086.6
245680.603,40,3016.8,2324.4,2088.2
245680.643,40,3063.4,2357.4,2093.2
245680.683,40,3134,2417,2105.2
245680.723,40,3204.4,2520.6,2130
245680.763,40,3171.8,2639.4,2163.6
245680.803,40,3058.6,2794.6,2209
245680.843,40,2917.8,2904.6,2250.8
245680.883,40,3059.8,2927,2257.8
245680.923,40,3189.6,2759.2,2205
245680.963,40,3331,2612,2160.6
245681.003,40,3327.4,2481,2126
245681.043,40,3265.8,2388.2,2101.4
245681.083,40,3088.4,2317.4,2087.6
245681.123,40,3011.2,2277.4,2074.8
245681.163,40,2955.4,2259,2078.2
245681.203,40,2942.2,2254.2,2072.4
245681.243,40,2953.6,2264.6,2071.4
245681.283,40,2980.4,2273.8,2078.4
245681.323,40,3011.8,2288.4,2081.8
245681.363,40,3021.4,2294,2076.2
245681.539,176,3124.2,2317.8,2090.2
245681.579,40,3149.2,2330.4,2089.8
245681.619,40,3195.2,2350.6,2095
245681.659,40,3223.2,2386.8,2097
245681.699,40,3269,2438.8,2111
245681.739,40,3267.2,2506.8,2123.8
245681.779,40,3310.6,2619.4,2146.4
245681.819,40,3329.2,2761,2180.2
245681.859,40,3276.2,2908.4,2208.6
245681.899,40,3244.2,2965.2,2224
245681.939,40,3384.2,2894.2,2199
245681.979,40,3551.8,2737,2159.6
245682.019,40,3689.4,2589.2,2125
245682.059,40,3618,2458.4,2101.6
245682.099,40,3451.2,2371.8,2086.6
245682.139,40,3317,2311.4,2079.8
245682.179,40,3178.2,2287,2071.2
245682.219,40,3120.2,2272.2,2071.6
245682.259,40,3096.6,2268.6,2065.8
245682.299,40,3118.6,2283.4,2070
245682.339,40,3146.8,2299.6,2075.6
245682.379,40,3149.6,2306.2,2080.2
245682.419,40,3144,2309.8,2082
245682.459,40,3158.8,2323.4,2083
245682.499,40,3196.2,2352.4,2088
245682.539,40,3241,2394.2,2097.6
245682.579,40,3280.8,2477.8,2117
245682.619,40,3302,2633.6,2146.8
245682.659,40,3157,2843.4,2200.8
245682.699,40,2969.8,2986,2266
245682.739,40,3158.2,2965.6,2252.6
245682.779,40,3287,2780.4,2200
245682.819,40,3428.6,2633.2,2158.8
245682.859,40,3429.8,2495.2,2125.4
245682.899,40,3305,2392.8,2105
245682.939,40,3160.4,2324.2,2089
245682.979,40,3039.8,2274.8,2079.2
245683.019,40,2965.2,2256.8,2069.2
245683.059,40,2932.8,2246.6,2068.8
245683.099,40,2951.4,2253.8,2068.8
245683.139,40,2972,2262.4,2068.8
245683.179,40,3021.8,2282.6,2075.6
245683.219,40,3027.8,2295.2,2078.6
245683.259,40,3026.6,2302,2078.8
245683.299,40,3037.4,2307.6,2080.4
245683.339,40,3064.4,2323.4,2090.2
245683.379,40,3102,2350.6,2088.8
245683.419,40,3145.4,2408.6,2108
245683.459,40,3210.8,2520.4,2133.8
245683.499,40,3205.2,2700.8,2173
245683.539,40,3041.6,2895.2,2230.4
245683.579,40,2985.2,2949.6,2265.8
245683.619,40,3113,2807.2,2223
245683.659,40,3204.2,2652.6,2175.6
245683.699,40,3220.2,2528.8,2151.2
245683.739,40,3150.6,2428.8,2117.2
245683.779,40,3048.8,2353.8,2098.2
245683.819,40,2977.4,2313.4,2087.4
245683.859,40,2932.8,2294.6,2083.6
245683.899,40,2927.6,2287.8,2085.6
245683.939,40,2945.4,2299.6,2086.6
245683.979,40,2990,2327.8,2096
245684.019,40,3009.2,2342.4,2094.2
245684.059,40,3021.8,2346.2,2097.2
245684.099,40,3035.4,2351.2,2097.6
245684.139,40,3045.8,2365.6,2099.6
245684.179,40,3053.2,2374,2103.6
245684.219,40,3082.6,2384,2105
245684.259,40,3097.8,2404.6,2112
245684.299,40,3139,2442.6,2112.8
245684.339,40,3151.8,2515.6,2135
245684.379,40,3170.4,2661.8,2164.2
245684.419,40,3075,2827.6,2211.8
245684.459,40,2933.2,2972,2264.8
245684.499,40,2882.6,3007,2288
245684.539,40,2977.2,2933.8,2257.4
245684.579,40,3148,2830.2,2214.8
245684.619,40,3271.6,2690.2,2176.8
245684.659,40,3294.6,2555.6,2142.8
245684.699,40,3282.2,2464,2127
245684.739,40,3179.8,2396.6,2104.6
245684.779,40,3087,2351.8,2099
245684.819,40,3031.4,2330.8,2095.6
245684.859,40,3016,2328.8,2091.8
245684.899,40,3022.4,2339.6,2090.4
245684.939,40,3026.4,2355.6,2101.4
245684.979,40,3037.6,2370.4,2105
245685.019,40,3026.6,2374,2108
245685.059,40,3038.8,2377.6,2104.2
245685.099,40,3058.4,2386.8,2109.2
245685.139,40,3071.8,2393.6,2108.4
245685.179,40,3081.4,2403.6,2109.4
245685.219,40,3096,2417.2,2111.4
245685.259,40,3112,2424.8,2109.8
245685.299,40,3115.4,2434.6,2121
245685.339,40,3117.8,2447.4,2122.6
245685.379,40,3118.4,2480.4,2127.2
245685.419,40,3110.8,2546.2,2146.2
245685.459,40,3108.4,2712.4,2183.4
245685.499,40,2962.6,2889.8,2244.2
245685.539,40,2809,3035.4,2310.6
245685.579,40,2851.6,3064.6,2316.2
245685.619,40,3014.6,2905,2250.4
245685.659,40,3142.6,2716,2189.6
245685.699,40,3196.4,2576.6,2157.4
245685.739,40,3204,2476.8,2127.6
245685.779,40,3136,2414.8,2115
245685.819,40,3120.6,2384.6,2105.2
245685.859,40,3130.8,2381.4,2102
245685.899,40,3152,2396.4,2106
245685.939,40,3190,2419.8,2108.4
245685.979,40,3207.8,2435.2,2118.4
245686.019,40,3226,2435.6,2112.8
245686.059,40,3235.2,2448.6,2116
245686.099,40,3278.2,2465.6,2117.4
245686.139,40,3301.6,2478.8,2118.8
245686.179,40,3317,2483.2,2124
245686.219,40,3335.4,2502.4,2127.4
245686.259,40,3341.4,2517.4,2127.6
245686.299,40,3332.8,2539.2,2131.4
245686.339,40,3307,2581.2,2145.2
245686.379,40,3230.6,2661.6,2166.4
245686.419,40,3102.6,2813.8,2201.8
245686.459,40,2961,2995,2269
245686.499,40,2795,3136.2,2336.6
245686.539,40,2834.2,3201.8,2348.8
245686.579,40,3041.8,3098.6,2286.6
245686.619,40,3286.4,2898,2216.2
245686.659,40,3456.4,2698.4,2167.2
245686.699,40,3560.2,2553.2,2139.6
245686.739,40,3435.4,2444.2,2107
245686.779,40,3372.2,2375.2,2088.6
245686.819,40,3300.6,2338,2081.6
245686.859,40,3273.4,2323.8,2083
245686.899,40,3276.8,2327,2085.6
245686.939,40,3304.8,2349.6,2090.8
245686.979,40,3318.4,2370,2094.6
245687.019,40,3287.2,2378.6,2093.8
245687.059,40,3265.2,2376,2093.4
245687.099,40,3261.8,2392.8,2095.2
245687.139,40,3263.2,2401.2,2101
245687.179,40,3228.4,2412.4,2098.2
245687.219,40,3197.2,2421.6,2111
245687.259,40,3195,2444.2,2111
245687.299,40,3188.2,2451.8,2118
245687.339,40,3183,2486.4,2121.8
245687.379,40,3164.4,2560,2143
245687.419,40,3121,2702.6,2178.8
245687.459,40,2970.4,2876.8,2236.4
245687.499,40,2772.8,2997.8,2307.2
245687.539,40,2630.2,3033.6,2369.8
245687.579,40,2619.2,3037,2377.8
245687.619,40,2764.8,3039.8,2331.2
245687.659,40,2920.4,2908.8,2262.4
245687.699,40,3136,2778.2,2207.4
245687.739,40,3281.4,2633.2,2165.8
245687.779,40,3398,2512,2134.6
245687.819,40,3249.4,2409.6,2104.8
245687.859,40,3230,2358.8,2094
245687.899,40,3212,2319.8,2080.8
245687.939,40,3180.6,2307.2,2081
245687.979,40,3218.4,2310.8,2078.8
245688.019,40,3233.8,2329.6,2085
245688.059,40,3251.8,2344,2080.4
245688.099,40,3249,2347.6,2087
245688.139,40,3230.8,2355.8,2086
245688.179,40,3236.4,2367.6,2094
245688.219,40,3248.6,2372.6,2094
245688.259,40,3207.6,2380,2095
245688.299,40,3210.8,2397.6,2103
245688.339,40,3237.6,2416.6,2108.6
245688.379,40,3287.4,2469,2114.2
245688.419,40,3413.6,2583.4,2133.8
245688.459,40,3439,2779.6,2170.2
245688.499,40,3284.2,3018,2225.2
245688.539,40,3050.8,3276.4,2304.6
245688.579,40,2883.2,3420.8,2371.4
245688.619,40,2965.8,3411,2353.2
245688.659,40,3203,3240.4,2286.4
245688.699,40,3404.4,2986.8,2217.8
245688.739,40,3563.6,2776.8,2176.6
245688.779,40,3610.2,2623.8,2142.2
245688.819,40,3629.4,2513.6,2123.6
245688.859,40,3415.2,2428.6,2105.2
245688.899,40,3365,2392.4,2099
245688.939,40,3295.6,2374.6,2096
245688.979,40,3281,2382.6,2097
245689.019,40,3259.6,2401.8,2101.4
245689.059,40,3287.4,2427.4,2106.4
245689.099,40,3246,2436.8,2111.2
245689.139,40,3199.8,2438.6,2115.6
245689.179,40,3170,2447.6,2115.8
245689.219,40,3160.2,2469.8,2127
245689.259,40,3138.2,2482,2124.2
245689.299,40,3110.6,2507.2,2135.4
245689.339,40,3096.2,2552.8,2148
245689.379,40,3112,2658.4,2171.2
245689.419,40,3031.2,2800.2,2212.6
245689.459,40,2868.4,2944,2269.2
245689.499,40,2680.2,3062.6,2358
245689.539,40,2533.2,3126.6,2455.8
245689.579,40,2494,3150.4,2497.8
245689.619,40,2615.6,3145.6,2427.2
245689.659,40,2857,3097.6,2325.4
245689.699,40,3126.6,2933.2,2249.4
245689.739,40,3355.2,2769,2193.6
245689.779,40,3409.8,2619.2,2158
245689.819,40,3408.6,2511.6,2126.2
245689.859,40,3381.8,2450.4,2113.6
245689.899,40,3384,2422.2,2108.4
245689.939,40,3354.2,2415,2104.2
245689.979,40,3365.4,2441.2,2110.6
245690.019,40,3387,2466.4,2111
245690.059,40,3367,2483.8,2119.6
245690.099,40,3349.8,2489.4,2121.6
245690.139,40,3343.2,2506.6,2123.2
245690.179,40,3319.4,2513.2,2126
245690.219,40,3303.8,2528.6,2127.4
245690.259,40,3242.2,2534.8,2138.2
245690.299,40,3225.4,2544.4,2137.4
245690.339,40,3172.6,2545.8,2140.6
245690.379,40,3121,2557.8,2146.4
245690.419,40,3045.2,2601,2165.8
245690.459,40,2997,2753.4,2208.4
245690.499,40,2850.4,2950.2,2279.8
245690.539,40,2664.2,3075.2,2372.6
245690.579,40,2535.6,3119.6,2452.4
245690.619,40,2601,3156.8,2436
245690.659,40,2800.6,3152.2,2356.2
245690.699,40,3085.4,3030.6,2270.8
245690.739,40,3356,2828.6,2202.6
245690.779,40,3488.8,2649.6,2159.6
245690.819,40,3440.4,2510.8,2125.4
245690.859,40,3398.4,2428.4,2106.8
245690.899,40,3340,2376.4,2093
245690.939,40,3290.8,2350.4,2088.6
245690.979,40,3313.8,2353.6,2084.2
245691.019,40,3326.4,2368.8,2089.6
245691.059,40,3346.6,2395,2096.4
245691.099,40,3342.2,2406.2,2100.6
245691.139,40,3333.6,2413.6,2099.8
245691.179,40,3330.4,2428.6,2100
245691.219,40,3314.8,2437.8,2109.8
245691.259,40,3303.6,2454.4,2112.6
245691.299,40,3322.6,2486.4,2116.4
245691.339,40,3316.4,2543.6,2132.6
245691.379,40,3310.4,2659.2,2156
245691.419,40,3252.8,2847.8,2201.8
245691.459,40,3034,3079,2270.6
245691.499,40,2780.8,3262.4,2368
245691.539,40,2704.4,3329,2432.2
245691.579,40,2897,3280.4,2363.8
245691.619,40,3254,3058.2,2256.8
245691.659,40,3470.8,2758.8,2184.4
245691.699,40,3493,2546.4,2130.8
245691.739,40,3411.8,2417.8,2102
245691.779,40,3304.4,2341.4,2080.2
245691.819,40,3212.2,2330.4,2077.6
245691.859,40,3268.8,2383.4,2094.4
245691.899,40,3396.2,2485.4,2113.6
245691.939,40,3381,2672,2155.2
245691.979,40,3208.4,2932.2,2221.2
245692.019,40,2893.8,3209,2328.4
245692.059,40,2668.2,3329,2445.4
245692.099,40,2848.8,3535,2439.6
245692.139,40,3135.2,3154.8,2297
245692.179,40,3384.6,2820.2,2207.8
245692.219,40,3498,2598,2144.2
245692.259,40,3425.8,2446,2108.8
245692.299,40,3302.6,2351.4,2087.4
245692.339,40,3163.2,2304.4,2082.2
245692.379,40,3117.2,2318.8,2080.2
245692.419,40,3189.2,2369.4,2089.2
245692.459,40,3249.4,2474.2,2116.4
245692.499,40,3264,2680,2162
245692.539,40,3065.6,2947.8,2240.4
245692.579,40,2778.4,3195.4,2354.4
245692.619,40,2782.2,3364,2426.4
245692.659,40,3079.2,3363.4,2363.8
245692.699,40,3206.4,2907.4,2244.4
245692.739,40,3349.2,2680,2171.2
245692.779,40,3382.4,2505.2,2126.8
245692.819,40,3255.6,2387.4,2101.2
245692.859,40,3122.6,2317.6,2082.8
245692.899,40,3076.6,2300.8,2074.4
245692.939,40,3144.6,2347.6,2087.6
245692.979,40,3265.6,2449.4,2107.6
245693.019,40,3292.2,2640.2,2146.8
245693.059,40,3114.4,2910.6,2224.6
245693.099,40,2816.2,3174.6,2340.4
245693.139,40,2646.6,3300,2451.4
245693.179,40,2867.8,3389.2,2397.2
245693.219,40,3053.4,2932.6,2259.4
245693.259,40,3474.8,2767.8,2189.6
245693.299,40,3457.6,2521.2,2130
245693.339,40,3310.6,2379.8,2095.2
245693.379,40,3067.2,2297.8,2076
245693.419,40,2979.6,2248.2,2067.6
245693.459,40,3018.8,2263.4,2065.8
245693.499,40,3163,2321,2082.8
245693.539,40,3299.6,2426.8,2101.4
245693.579,40,3367.4,2622,2142.6
245693.619,40,3204.6,2907.4,2212.8
245693.659,40,2907.8,3206.2,2318.6
245693.699,40,2944,3490.4,2396
245693.739,40,3286.2,3373,2322.4
245693.779,40,3458.8,2965,2235.4
245693.819,40,3494.4,2696.6,2166.2
245693.859,40,3557,2538.8,2128.2
245693.899,40,3444.6,2422,2098.8
245693.939,40,3281.8,2354.6,2085.8
245693.979,40,3187.4,2314.8,2081.6
