127300.00474854,40,2410.4,2317.4,2148.8,0.984349063857072,0,738591.714166722,139,1,0
127300.044747607,40,2403.6,2316.6,2144.4,0.987472752460794,0,738591.714167185,139,1,0
127300.084746673,40,2427.2,2394.4,2198.8,0.931569388262582,0,738591.714167648,139,1,0
127300.124745739,40,2415,2492.8,2281.2,0.854581975657599,0,738591.714168111,139,1,0
127300.164744806,40,2343.6,2568.8,2408.6,0.758717673258116,0,738591.714168574,139,1,0
127300.204743872,40,2255.4,2566.2,2558.6,0.652323252895174,0,738591.714169036,139,1,0
127300.244742939,40,2174.8,2490.4,2700,0.538422989004052,0,738591.714169499,139,1,0
127300.284742005,40,2119.8,2393.4,2743.8,0.453494906469943,0,738591.714169962,139,1,0
127300.324741071,40,2094.2,2323.6,2718.2,0.407087796030633,0,738591.714170425,139,1,0
127300.364740138,40,2091.6,2323.4,2730.8,0.410805274905437,0,738591.714170888,139,1,0
127300.404739204,40,2120.4,2391,2801.2,0.459236660010158,0,738591.714171351,139,1,0
127300.444738271,40,2165,2514.2,2803.4,0.511882214864485,0,738591.714171814,139,1,0
127300.484737337,40,2258.8,2626.6,2630.8,0.624652083154255,0,738591.714172277,139,1,0
127300.524736403,40,2364.2,2605.2,2408,0.758717673258116,0,738591.71417274,139,1,0
127300.56473547,40,2441.6,2479.4,2255.8,0.873110548108976,0,738591.714173203,139,1,0
127300.604734536,40,2412.4,2331,2161.4,0.975023047378312,0,738591.714173666,139,1,0
127300.644733603,40,2373.2,2291.8,2143,1,0,738591.714174129,139,1,0
127300.684732669,40,2419,2348.6,2173.6,0.962572781494283,0,738591.714174592,139,1,0
127300.724731735,40,2429.6,2424,2226.6,0.909647799488622,0,738591.714175055,139,1,0
127300.764730802,40,2397.2,2522.8,2318.8,0.824990180991363,0,738591.714175518,139,1,0
127300.804729868,40,2310.8,2581.4,2458.2,0.721423361299717,0,738591.714175981,139,1,0
127300.844728935,40,2221.6,2551.6,2628.2,0.599968108845147,0,738591.714176444,139,1,0
127300.884728001,40,2150.4,2451.2,2732.6,0.493405501065281,0,738591.714176907,139,1,0
127300.924727067,40,2115.2,2374.4,2740,0.441331752527053,0,738591.71417737,139,1,0
127300.964726134,40,2106.6,2350.8,2748.6,0.431780397291947,0,738591.714177833,139,1,0
127301.0047252,40,2123,2399,2786.2,0.462097007415257,0,738591.714178296,139,1,0
127301.044724267,40,2164.2,2499.8,2776.6,0.511882214864485,0,738591.714178759,139,1,0
127301.084723333,40,2237.4,2598,2655.6,0.605921841103043,0,738591.714179221,139,1,0
127301.124722399,40,2336,2618.2,2465.4,0.721423361299717,0,738591.714179684,139,1,0
127301.164721466,40,2415,2529.2,2304,0.833638659760633,0,738591.714180147,139,1,0
127301.204720532,40,2431.4,2401.2,2201,0.928473579904262,0,738591.71418061,139,1,0
127301.244719599,40,2388.8,2302.2,2141.4,1,0,738591.714181073,139,1,0
127301.284718665,40,2403.8,2319.4,2157.2,0.984349063857072,0,738591.714181536,139,1,0
127301.324717731,40,2428.8,2394.2,2201.6,0.931569388262582,0,738591.714181999,139,1,0
127301.364716798,40,2415.4,2493.8,2282.2,0.854581975657599,0,738591.714182462,139,1,0
127301.404715864,40,2343.4,2573.4,2408.8,0.758717673258116,0,738591.714182925,139,1,0
127301.444714931,40,2258.8,2584,2575.4,0.644874704227505,0,738591.714183388,139,1,0
127301.484713997,40,2183.4,2511.8,2705.4,0.542871538413132,0,738591.714183851,139,1,0
127301.524713063,40,2142.4,2440,2762,0.484751607133863,0,738591.714184314,139,1,0
127301.56471213,40,2135,2427.2,2774.4,0.476263247852878,0,738591.714184777,139,1,0
127301.604711196,40,2154.2,2474,2782.6,0.499270038037406,0,738591.71418524,139,1,0
127301.644710263,40,2210,2565.2,2710.6,0.565045243642498,0,738591.714185703,139,1,0
127301.684709329,40,2289.4,2625.6,2558.8,0.659981942177489,0,738591.714186166,139,1,0
127301.724708395,40,2391.8,2591.8,2376.2,0.780627124044669,0,738591.714186629,139,1,0
127301.764707462,40,2443.8,2462.8,2241.8,0.886879367310357,0,738591.714187092,139,1,0
127301.804706528,40,2415.2,2340,2159,0.971913033024821,0,738591.714187555,139,1,0
127301.844705595,40,2387.4,2297.2,2139.2,1,0,738591.714188018,139,1,0
127301.884704661,40,2419.8,2341.2,2164,0.96879817481878,0,738591.714188481,139,1,0
127301.924703727,40,2425.6,2384.2,2192.8,0.93776948295707,0,738591.714188944,139,1,0
127301.964702794,40,2429.8,2438.4,2234,0.900040775735687,0,738591.714189406,139,1,0
127302.00470186,40,2423.4,2477.8,2263.8,0.86952017299511,0,738591.714189869,139,1,0
127302.044700927,40,2423.4,2505.4,2289.6,0.850599530216859,0,738591.714190332,139,1,0
127302.084699993,40,2418.8,2507.6,2293.4,0.846485131001627,0,738591.714190795,139,1,0
127302.124699059,40,2406.4,2499.8,2286.8,0.850599530216859,0,738591.714191258,139,1,0
127302.164698126,40,2396.6,2498,2298.4,0.842265636633557,0,738591.714191721,139,1,0
127302.204697192,40,2399.8,2507.4,2303.6,0.837972222927497,0,738591.714192184,139,1,0
127302.244696259,40,2398.6,2510.8,2301.4,0.837972222927497,0,738591.714192647,139,1,0
127302.284695325,40,2397.6,2514,2307.8,0.833638659760633,0,738591.71419311,139,1,0
127302.324694391,40,2397.8,2527,2318.6,0.824990180991363,0,738591.714193573,139,1,0
127302.364693458,40,2399,2537.8,2327.4,0.816408514790563,0,738591.714194036,139,1,0
127302.404692524,40,2398.2,2550.4,2338,0.807555622123292,0,738591.714194499,139,1,0
127302.444691591,40,2396,2553.8,2343.8,0.802900749638563,0,738591.714194962,139,1,0
127302.484690657,40,2395.2,2560.8,2349,0.802900749638563,0,738591.714195425,139,1,0
127302.524689723,40,2398.6,2566.6,2352.8,0.798020228045909,0,738591.714195888,139,1,0
127302.56468879,40,2390.8,2569.8,2363.2,0.792853489904324,0,738591.714196351,139,1,0
127302.604687856,40,2385.8,2570,2372.2,0.78709427212593,0,738591.714196814,139,1,0
127302.644686923,40,2378,2571,2373.4,0.780627124044669,0,738591.714197277,139,1,0
127302.684685989,40,2372.4,2573,2385.8,0.773625079147947,0,738591.71419774,139,1,0
127302.724685055,40,2371.2,2576.2,2389,0.773625079147947,0,738591.714198202,139,1,0
127302.764684122,40,2362.8,2576.6,2394.2,0.766263794467147,0,738591.714198665,139,1,0
127302.804683188,40,2360.4,2582,2399.8,0.766263794467147,0,738591.714199128,139,1,0
127302.844682255,40,2359.2,2584.4,2404.2,0.758717673258116,0,738591.714199591,139,1,0
127302.884681321,40,2351.6,2589.2,2418.4,0.751156621728028,0,738591.714200054,139,1,0
127302.924680387,40,2350.2,2595.8,2425.2,0.743742175670947,0,738591.714200517,139,1,0
127302.964679454,40,2343.8,2598.2,2433.8,0.743742175670947,0,738591.71420098,139,1,0
127303.00467852,40,2342.2,2605.2,2438.2,0.736483160538789,0,738591.714201443,139,1,0
127303.044677587,40,2332.6,2598.2,2445.2,0.729033877980787,0,738591.714201906,139,1,0
127303.084676653,40,2329,2601.2,2452.4,0.729033877980787,0,738591.714202369,139,1,0
127303.124675719,40,2326.4,2602.4,2461.2,0.721423361299717,0,738591.714202832,139,1,0
127303.164674786,40,2319.8,2604.6,2472.4,0.713714118044472,0,738591.714203295,139,1,0
127303.204673852,40,2321,2604,2481.2,0.713714118044472,0,738591.714203758,139,1,0
127303.244672919,40,2315.8,2602.2,2482,0.705968669837691,0,738591.714204221,139,1,0
127303.284671985,40,2313.4,2603.4,2494,0.698248983127825,0,738591.714204684,139,1,0
127303.324671051,40,2305.8,2608.4,2501,0.698248983127825,0,738591.714205147,139,1,0
127303.364670118,40,2300.2,2607.2,2509.8,0.690615868376726,0,738591.71420561,139,1,0
127303.404669184,40,2295,2612,2522.6,0.683108862379973,0,738591.714206073,139,1,0
127303.444668251,40,2296.4,2613.6,2525.8,0.683108862379973,0,738591.714206536,139,1,0
127303.484667317,40,2290,2612.4,2538.2,0.67548538222629,0,738591.714206999,139,1,0
127303.524666383,40,2283.4,2609,2545.8,0.667739700238159,0,738591.714207462,139,1,0
127303.56466545,40,2277.4,2598.6,2552,0.659981942177489,0,738591.714207925,139,1,0
127303.604664516,40,2271.8,2591.8,2549.4,0.659981942177489,0,738591.714208387,139,1,0
127303.644663583,40,2266,2579,2552,0.659981942177489,0,738591.71420885,139,1,0
127303.684662649,40,2255,2568,2553.2,0.652323252895174,0,738591.714209313,139,1,0
127303.724661715,40,2249.8,2566.6,2567.6,0.644874704227505,0,738591.714209776,139,1,0
127303.764660782,40,2247,2572.4,2587.6,0.631044484920262,0,738591.714210239,139,1,0
127303.804659848,40,2240.2,2575.6,2615,0.618315253815366,0,738591.714210702,139,1,0
127303.844658915,40,2230.2,2574.2,2632.2,0.605921841103043,0,738591.714211165,139,1,0
127303.884657981,40,2215,2563.2,2656.2,0.588876176147107,0,738591.714211628,139,1,0
127303.924657047,40,2204.6,2551.2,2677.8,0.574222330828679,0,738591.714212091,139,1,0
127303.964656114,40,2197.8,2537.8,2696.4,0.560574676958856,0,738591.714212554,139,1,0
127304.00465518,40,2187.2,2521.4,2715.2,0.542871538413132,0,738591.714213017,139,1,0
127304.044654247,40,2180.2,2512.2,2716.8,0.538422989004052,0,738591.71421348,139,1,0
127304.084653313,40,2178.2,2504.8,2710.4,0.538422989004052,0,738591.714213943,139,1,0
127304.124652379,40,2181.4,2501.8,2703,0.542871538413132,0,738591.714214406,139,1,0
127304.164651446,40,2177,2488.6,2694.4,0.538422989004052,0,738591.714214869,139,1,0
127304.204650512,40,2171.2,2481.6,2689,0.538422989004052,0,738591.714215332,139,1,0
127304.244649579,40,2172.4,2480,2693.8,0.534070371073587,0,738591.714215795,139,1,0
127304.284648645,40,2165.2,2480,2701.8,0.529878689826299,0,738591.714216258,139,1,0
127304.324647711,40,2164,2478.2,2710,0.522197406963211,0,738591.714216721,139,1,0
127304.364646778,40,2165,2476.6,2719,0.518694902567443,0,738591.714217184,139,1,0
127304.404645844,40,2159.8,2476.6,2730.4,0.515253305057495,0,738591.714217647,139,1,0
127304.444644911,40,2160.2,2468.4,2732.8,0.508592948493873,0,738591.714218109,139,1,0
127304.484643977,40,2155.2,2466.2,2743.8,0.50228671473493,0,738591.714218572,139,1,0
127304.524643043,40,2154.8,2460.4,2739.4,0.50228671473493,0,738591.714219035,139,1,0
127304.56464211,40,2153.2,2457.4,2739.8,0.499270038037406,0,738591.714219498,139,1,0
127304.604641176,40,2148.6,2444.8,2737.8,0.490501068505437,0,738591.714219961,139,1,0
127304.644640243,40,2145,2439.2,2734.6,0.487615962487291,0,738591.714220424,139,1,0
127304.684639309,40,2142,2438.2,2738.6,0.484751607133863,0,738591.714220887,139,1,0
127304.724638375,40,2141,2431.6,2734.2,0.479080214620055,0,738591.71422135,139,1,0
127304.764637442,40,2140.6,2423.4,2735.4,0.473447257109288,0,738591.714221813,139,1,0
127304.804636508,40,2134.2,2420.6,2732.2,0.470625219085011,0,738591.714222276,139,1,0
127304.844635575,40,2131.4,2412.2,2735,0.464950132634141,0,738591.714222739,139,1,0
127304.884634641,40,2129.8,2406.2,2741.6,0.462097007415257,0,738591.714223202,139,1,0
127304.924633707,40,2125.4,2397.8,2745.2,0.456373136362794,0,738591.714223665,139,1,0
127304.964632774,40,2124.4,2394.2,2749.8,0.453494906469943,0,738591.714224128,139,1,0
127305.00463184,40,2116.6,2386.2,2742.4,0.44753899151123,0,738591.714224591,139,1,0
127305.044630907,40,2115.4,2377.6,2742,0.441331752527053,0,738591.714225054,139,1,0
127305.084629973,40,2113,2365.4,2734.6,0.43497595920232,0,738591.714225517,139,1,0
127305.124629039,40,2109.4,2360.4,2729.2,0.428504979421051,0,738591.71422598,139,1,0
127305.164628106,40,2104.2,2353.8,2731.2,0.425128212364026,0,738591.714226443,139,1,0
127305.204627172,40,2103.2,2350,2742.2,0.428504979421051,0,738591.714226906,139,1,0
127305.244626239,40,2104.6,2348.6,2738.8,0.428504979421051,0,738591.714227368,139,1,0
127305.284625305,40,2095.6,2338.4,2734.4,0.421658073096564,0,738591.714227831,139,1,0
127305.324624371,40,2096.8,2331.4,2724,0.414482951876891,0,738591.714228294,139,1,0
127305.364623438,40,2090.4,2319.2,2707.2,0.40328460240995,0,738591.714228757,139,1,0
127305.404622504,40,2087.8,2302.2,2671,0.377942585608142,0,738591.71422922,139,1,0
127305.444621571,40,2082.4,2279.2,2630.6,0.353851981337952,0,738591.714229683,139,1,0
127305.484620637,40,2070,2248.4,2574.4,0.314852433574075,0,738591.714230146,139,1,0
127305.524619703,40,2058.6,2215.4,2487,0.262349558948715,0,738591.714230609,139,1,0
127305.56461877,40,2046,2172.6,2382.6,0.1938292059518,0,738591.714231072,139,1,0
127305.604617836,40,2031,2133.4,2281.2,0.135865336144291,0,738591.714231535,139,1,0
127305.644616903,40,2022.8,2106.6,2192,0.0763448726461629,0,738591.714231998,139,1,0
127305.684615969,40,2013.8,2085,2131.6,0.0423378267548223,0,738591.714232461,139,1,0
127305.724615035,40,2012.2,2075.6,2099.4,0.0253848212489384,0,738591.714232924,139,1,0
127305.764614102,40,2013.6,2078,2101.6,0.0253848212489384,0,738591.714233387,139,1,0
127305.804613168,40,2017.4,2088.4,2124.2,0.0338584083790698,0,738591.71423385,139,1,0
127305.844612235,40,2018.2,2098.8,2159,0.0593137889402368,0,738591.714234313,139,1,0
127305.884611301,40,2028.2,2113.8,2209.6,0.0934398179939822,0,738591.714234776,139,1,0
127305.924610367,40,2029.4,2132.4,2277.8,0.127426718795127,0,738591.714235239,139,1,0
127305.964609434,40,2039,2153,2345.4,0.169411989717047,0,738591.714235702,139,1,0
127306.0046085,40,2043.4,2172,2410.4,0.209809976058716,0,738591.714236165,139,1,0
127306.044607567,40,2044,2183.6,2464.8,0.240607502859899,0,738591.714236628,139,1,0
127306.084606633,40,2044.6,2192.2,2476.4,0.247943373130141,0,738591.714237091,139,1,0
127306.124605699,40,2045,2187.4,2462.8,0.240607502859899,0,738591.714237553,139,1,0
127306.164604766,40,2045.4,2178.6,2436.4,0.22546602667987,0,738591.714238016,139,1,0
127306.204603832,40,2044,2171.8,2412.8,0.209809976058716,0,738591.714238479,139,1,0
127306.244602899,40,2044.4,2168.8,2404.8,0.209809976058716,0,738591.714238942,139,1,0
127306.284601965,40,2044,2167.2,2395.4,0.201848237487096,0,738591.714239405,139,1,0
127306.324601031,40,2039.4,2162.8,2386.6,0.1938292059518,0,738591.714239868,139,1,0
127306.364600098,40,2042.4,2160.6,2383.6,0.1938292059518,0,738591.714240331,139,1,0
127306.404599164,40,2036.4,2159.8,2377.2,0.185776166274405,0,738591.714240794,139,1,0
127306.444598231,40,2036.6,2159.6,2370.6,0.185776166274405,0,738591.714241257,139,1,0
127306.484597297,40,2036.2,2155.2,2362.6,0.177645036196025,0,738591.71424172,139,1,0
127306.524596363,40,2037.2,2154.2,2357.4,0.177645036196025,0,738591.714242183,139,1,0
127306.56459543,40,2038.2,2150.8,2348.4,0.169411989717047,0,738591.714242646,139,1,0
127306.604594496,40,2038.2,2147.2,2340.6,0.169411989717047,0,738591.714243109,139,1,0
127306.644593563,40,2037,2146.6,2331.4,0.16109719849738,0,738591.714243572,139,1,0
127306.684592629,40,2038.4,2142.6,2324.2,0.16109719849738,0,738591.714244035,139,1,0
127306.724591695,40,2037.2,2142.2,2315.6,0.152720933067318,0,738591.714244498,139,1,0
127306.764590762,40,2033.8,2140.6,2312.2,0.152720933067318,0,738591.714244961,139,1,0
127306.804589828,40,2030.8,2141.6,2308,0.144303525703992,0,738591.714245424,139,1,0
127306.844588895,40,2032.2,2139.2,2303.8,0.144303525703992,0,738591.714245887,139,1,0
127306.884587961,40,2033.8,2139.6,2298.2,0.144303525703992,0,738591.71424635,139,1,0
127306.924587027,40,2035.8,2140.4,2289,0.135865336144291,0,738591.714246813,139,1,0
127306.964586094,40,2034,2135.8,2288.2,0.135865336144291,0,738591.714247275,139,1,0
127307.00458516,40,2032,2131.8,2284.2,0.135865336144291,0,738591.714247738,139,1,0
127307.044584227,40,2032.8,2132.2,2278.6,0.127426718795127,0,738591.714248201,139,1,0
127307.084583293,40,2033,2128.2,2270.4,0.127426718795127,0,738591.714248664,139,1,0
127307.124582359,40,2031.4,2131.6,2268,0.127426718795127,0,738591.714249127,139,1,0
127307.164581426,40,2028.2,2130.2,2266,0.118985230701839,0,738591.71424959,139,1,0
127307.204580492,40,2029.4,2123,2257.6,0.118985230701839,0,738591.714250053,139,1,0
127307.244579559,40,2030,2125.6,2257.8,0.118985230701839,0,738591.714250516,139,1,0
127307.284578625,40,2025.4,2122.4,2253,0.110499862942923,0,738591.714250979,139,1,0
127307.324577691,40,2023.4,2119.2,2245.6,0.110499862942923,0,738591.714251442,139,1,0
127307.364576758,40,2029.2,2122.2,2239,0.110499862942923,0,738591.714251905,139,1,0
127307.404575824,40,2025.8,2123.4,2244,0.110499862942923,0,738591.714252368,139,1,0
127307.444574891,40,2028,2122.8,2236.6,0.10198051839832,0,738591.714252831,139,1,0
127307.484573957,40,2029.6,2118.4,2232.2,0.10198051839832,0,738591.714253294,139,1,0
127307.524573023,40,2027.4,2120,2227.4,0.10198051839832,0,738591.714253757,139,1,0
127307.56457209,40,2026.4,2119.2,2231.4,0.10198051839832,0,738591.71425422,139,1,0
127307.604571156,40,2025,2115.6,2224,0.0934398179939822,0,738591.714254683,139,1,0
127307.644570223,40,2028.4,2116,2226.8,0.10198051839832,0,738591.714255146,139,1,0
127307.684569289,40,2021,2118.2,2227,0.10198051839832,0,738591.714255609,139,1,0
127307.724568355,40,2027.6,2118.8,2228,0.10198051839832,0,738591.714256071,139,1,0
127307.764567422,40,2027,2119.2,2234.6,0.10198051839832,0,738591.714256534,139,1,0
127307.804566488,40,2031.8,2121,2242.8,0.110499862942923,0,738591.714256997,139,1,0
127307.844565555,40,2028.8,2121,2252,0.110499862942923,0,738591.71425746,139,1,0
127307.884564621,40,2030.6,2131.2,2265.4,0.118985230701839,0,738591.714257923,139,1,0
127307.924563687,40,2033,2134.8,2275,0.127426718795127,0,738591.714258386,139,1,0
127307.964562754,40,2034.8,2142,2287,0.135865336144291,0,738591.714258849,139,1,0
127308.00456182,40,2039.6,2141,2300.6,0.144303525703992,0,738591.714259312,139,1,0
127308.044560887,40,2039.4,2146.6,2316.2,0.152720933067318,0,738591.714259775,139,1,0
127308.084559953,40,2040.4,2145.6,2329.6,0.16109719849738,0,738591.714260238,139,1,0
127308.124559019,40,2040,2150,2334.2,0.16109719849738,0,738591.714260701,139,1,0
127308.164558086,40,2039.8,2152.4,2348.8,0.169411989717047,0,738591.714261164,139,1,0
127308.204557152,40,2039.8,2155,2362.8,0.177645036196025,0,738591.714261627,139,1,0
127308.244556219,40,2046.4,2172.4,2414,0.209809976058716,0,738591.71426209,139,1,0
127308.284555285,40,2046.8,2194.2,2492.8,0.255192037099933,0,738591.714262553,139,1,0
127308.324554351,40,2064.6,2230.6,2597.4,0.320864293004959,0,738591.714263016,139,1,0
127308.364553418,40,2074.8,2286,2702.6,0.386764766906683,0,738591.714263479,139,1,0
127308.404552484,40,2108.2,2363.2,2784.4,0.444461856242911,0,738591.714263942,139,1,0
127308.444551551,40,2142,2451,2788.2,0.487615962487291,0,738591.714264405,139,1,0
127308.484550617,40,2181.8,2522,2719.4,0.542871538413132,0,738591.714264868,139,1,0
127308.524549683,40,2233.2,2571.8,2613.4,0.612057035125496,0,738591.714265331,139,1,0
127308.56454875,40,2285,2580.6,2505.4,0.690615868376726,0,738591.714265794,139,1,0
127308.604547816,40,2336.4,2573,2415.4,0.751156621728028,0,738591.714266256,139,1,0
127308.644546883,40,2372.2,2531,2338.6,0.807555622123292,0,738591.714266719,139,1,0
127308.684545949,40,2405.4,2482.6,2276.4,0.858415274499143,0,738591.714267182,139,1,0
127308.724545015,40,2421.2,2430,2227.2,0.906465768417875,0,738591.714267645,139,1,0
127308.764544082,40,2413.8,2375.4,2191.8,0.943993642268668,0,738591.714268108,139,1,0
127308.804543148,40,2403.8,2331.2,2164.4,0.975023047378312,0,738591.714268571,139,1,0
127308.844542215,40,2387.6,2299.6,2143.2,1,0,738591.714269034,139,1,0
127308.884541281,40,2388,2296.8,2140.4,1,0,738591.714269497,139,1,0
127308.924540347,40,2395,2299,2143.2,0.99686734788625,0,738591.71426996,139,1,0
127308.964539414,40,2409.6,2317.6,2152,0.984349063857072,0,738591.714270423,139,1,0
127309.00453848,40,2416.6,2334.4,2158.6,0.971913033024821,0,738591.714270886,139,1,0
127309.044537547,40,2433.2,2372.2,2177.8,0.947105147087286,0,738591.714271349,139,1,0
127309.084536613,40,2436.2,2446.6,2227.4,0.89679161360918,0,738591.714271812,139,1,0
127309.124535679,40,2409.8,2540.4,2319.4,0.820708640003419,0,738591.714272275,139,1,0
127309.164534746,40,2336,2605.4,2450,0.729033877980787,0,738591.714272738,139,1,0
127309.204533812,40,2245.2,2589.6,2610,0.624652083154255,0,738591.714273201,139,1,0
127309.244532879,40,2170.8,2492.6,2714,0.529878689826299,0,738591.714273664,139,1,0
127309.284531945,40,2121.2,2390.4,2721.2,0.444461856242911,0,738591.714274127,139,1,0
127309.324531011,40,2097.4,2323.8,2668,0.386764766906683,0,738591.71427459,139,1,0
127309.364530078,40,2091,2301,2619.2,0.353851981337952,0,738591.714275053,139,1,0
127309.404529144,40,2096,2312.8,2623.6,0.358950679005964,0,738591.714275516,139,1,0
127309.444528211,40,2114.8,2355,2646.6,0.391060991882511,0,738591.714275979,139,1,0
127309.484527277,40,2146.8,2423,2658.2,0.464950132634141,0,738591.714276441,139,1,0
127309.524526343,40,2188,2489.8,2628.8,0.569588722382563,0,738591.714276904,139,1,0
127309.56452541,40,2243,2543.6,2543.6,0.652323252895174,0,738591.714277367,139,1,0
127309.604524476,40,2307.4,2556.2,2432.6,0.736483160538789,0,738591.71427783,139,1,0
127309.644523543,40,2372,2510.6,2323.2,0.820708640003419,0,738591.714278293,139,1,0
127309.684522609,40,2407.2,2420.2,2231.2,0.909647799488622,0,738591.714278756,139,1,0
127309.724521675,40,2394.4,2329.6,2162.6,0.978124829616219,0,738591.714279219,139,1,0
127309.764520742,40,2366.8,2283.4,2142.4,1,0,738591.714279682,139,1,0
127309.804519808,40,2393,2313,2154,0.990601678754753,0,738591.714280145,139,1,0
127309.844518875,40,2422.6,2361.6,2180.8,0.953299098506422,0,738591.714280608,139,1,0
127309.884517941,40,2431.8,2428.2,2219.2,0.909647799488622,0,738591.714281071,139,1,0
127309.924517007,40,2414.2,2518,2305.4,0.837972222927497,0,738591.714281534,139,1,0
127309.964516074,40,2353.8,2598.8,2423.2,0.751156621728028,0,738591.714281997,139,1,0
127310.00451514,40,2271.6,2611.4,2571,0.652323252895174,0,738591.71428246,139,1,0
127310.044514207,40,2203.4,2552.4,2701.8,0.565045243642498,0,738591.714282923,139,1,0
127310.084513273,40,2159.4,2468.2,2758.2,0.50228671473493,0,738591.714283386,139,1,0
127310.124512339,40,2125.8,2406.4,2747.6,0.462097007415257,0,738591.714283849,139,1,0
127310.164511406,40,2113,2363,2720.4,0.428504979421051,0,738591.714284312,139,1,0
127310.204510472,40,2112.2,2353,2701.8,0.414482951876891,0,738591.714284775,139,1,0
127310.244509539,40,2109.6,2361,2697.8,0.418105355894062,0,738591.714285237,139,1,0
127310.284508605,40,2110,2352.8,2687.2,0.410805274905437,0,738591.7142857,139,1,0
127310.324507671,40,2110.6,2350.2,2690.4,0.410805274905437,0,738591.714286163,139,1,0
127310.364506738,40,2103.2,2349.4,2693.4,0.410805274905437,0,738591.714286626,139,1,0
127310.404505804,40,2106.6,2345,2696.6,0.410805274905437,0,738591.714287089,139,1,0
127310.444504871,40,2099.2,2345.2,2699,0.410805274905437,0,738591.714287552,139,1,0
127310.484503937,40,2102,2339.2,2698.4,0.407087796030633,0,738591.714288015,139,1,0
127310.524503003,40,2101,2340,2702,0.410805274905437,0,738591.714288478,139,1,0
127310.56450207,40,2100,2329.6,2692.4,0.399336657389472,0,738591.714288941,139,1,0
127310.604501136,40,2097.6,2328.8,2677.4,0.395257100342653,0,738591.714289404,139,1,0
127310.644500203,40,2098.6,2321.6,2663,0.382385889505606,0,738591.714289867,139,1,0
127310.684499269,40,2097.8,2323.2,2644,0.373428644053777,0,738591.71429033,139,1,0
127310.724498335,40,2096.2,2313.6,2640,0.368754859145485,0,738591.714290793,139,1,0
127310.764497402,40,2098.8,2307.4,2634.6,0.363923734977373,0,738591.714291256,139,1,0
127310.804496468,40,2090.2,2306.2,2636.2,0.363923734977373,0,738591.714291719,139,1,0
127310.844495535,40,2090.8,2301.6,2639.2,0.363923734977373,0,738591.714292182,139,1,0
127310.884494601,40,2089.6,2300,2642.8,0.363923734977373,0,738591.714292645,139,1,0
127310.924493667,40,2089.8,2298.2,2643,0.363923734977373,0,738591.714293108,139,1,0
127310.964492734,40,2091,2296,2645.2,0.363923734977373,0,738591.714293571,139,1,0
127311.0044918,40,2086,2293.2,2648.8,0.363923734977373,0,738591.714294034,139,1,0
127311.044490867,40,2084.6,2291.2,2637.6,0.358950679005964,0,738591.714294497,139,1,0
127311.084489933,40,2082.2,2290,2633.8,0.358950679005964,0,738591.71429496,139,1,0
127311.124488999,40,2082.8,2283.2,2624.8,0.348644610105061,0,738591.714295422,139,1,0
127311.164488066,40,2082.6,2282,2622.6,0.348644610105061,0,738591.714295885,139,1,0
127311.204487132,40,2081.4,2274.4,2621,0.348644610105061,0,738591.714296348,139,1,0
127311.244486199,40,2081.2,2267.6,2613.2,0.337970712706598,0,738591.714296811,139,1,0
127311.284485265,40,2079.4,2266.4,2607.2,0.337970712706598,0,738591.714297274,139,1,0
127311.324484331,40,2080.2,2266,2603.2,0.332441626603816,0,738591.714297737,139,1,0
127311.364483398,40,2070.6,2263.8,2598,0.332441626603816,0,738591.7142982,139,1,0
127311.404482464,40,2077.4,2256,2589,0.326733506593257,0,738591.714298663,139,1,0
127311.444481531,40,2071.4,2257.2,2583.8,0.320864293004959,0,738591.714299126,139,1,0
127311.484480597,40,2073,2252.4,2580.6,0.320864293004959,0,738591.714299589,139,1,0
127311.524479663,40,2073.2,2251.6,2574.2,0.314852433574075,0,738591.714300052,139,1,0
127311.56447873,40,2073.2,2250.6,2568.8,0.314852433574075,0,738591.714300515,139,1,0
127311.604477796,40,2072,2248.2,2566.4,0.308716774565867,0,738591.714300978,139,1,0
127311.644476863,40,2069.2,2247.2,2562,0.308716774565867,0,738591.714301441,139,1,0
127311.684475929,40,2067.2,2235.8,2551.6,0.302476476218372,0,738591.714301904,139,1,0
127311.724474995,40,2065.4,2233,2552,0.296150945871009,0,738591.714302367,139,1,0
127311.764474062,40,2067.4,2239.8,2545,0.296150945871009,0,738591.71430283,139,1,0
127311.804473128,40,2067.2,2232.2,2535,0.289712392214872,0,738591.714303293,139,1,0
127311.844472195,40,2062,2227,2533.2,0.289712392214872,0,738591.714303756,139,1,0
127311.884471261,40,2061.6,2229.6,2522.6,0.283096794046065,0,738591.714304219,139,1,0
127311.924470327,40,2063.8,2222.4,2521.2,0.283096794046065,0,738591.714304682,139,1,0
127311.964469394,40,2060.4,2218.4,2516.4,0.276319583868493,0,738591.714305145,139,1,0
127312.00446846,40,2062.2,2222.8,2513.2,0.276319583868493,0,738591.714305607,139,1,0
127312.044467527,40,2061,2218.4,2506.2,0.269397995475526,0,738591.71430607,139,1,0
127312.084466593,40,2062.6,2218.8,2504.4,0.269397995475526,0,738591.714306533,139,1,0
127312.124465659,40,2057.6,2216.8,2498.6,0.269397995475526,0,738591.714306996,139,1,0
127312.164464726,40,2057,2213,2495,0.262349558948715,0,738591.714307459,139,1,0
127312.204463792,40,2056,2212.4,2489.4,0.262349558948715,0,738591.714307922,139,1,0
127312.244462859,40,2055.6,2207.6,2482.4,0.255192037099933,0,738591.714308385,139,1,0
127312.284461925,40,2058,2209.6,2479.6,0.255192037099933,0,738591.714308848,139,1,0
127312.324460991,40,2054.4,2205.8,2476.4,0.255192037099933,0,738591.714309311,139,1,0
127312.364460058,40,2051.6,2200.2,2468.2,0.247943373130141,0,738591.714309774,139,1,0
127312.404459124,40,2056.6,2201.6,2463.2,0.247943373130141,0,738591.714310237,139,1,0
127312.444458191,40,2054.6,2199.6,2462.6,0.240607502859899,0,738591.7143107,139,1,0
127312.484457257,40,2052.2,2196,2452,0.240607502859899,0,738591.714311163,139,1,0
127312.524456323,40,2056.6,2196.6,2450.4,0.23311285385791,0,738591.714311626,139,1,0
127312.56445539,40,2048.6,2191,2446,0.23311285385791,0,738591.714312089,139,1,0
127312.604454456,40,2050.2,2192.6,2441.4,0.23311285385791,0,738591.714312552,139,1,0
127312.644453523,40,2052,2189.2,2432.6,0.22546602667987,0,738591.714313015,139,1,0
127312.684452589,40,2049,2186.4,2426.2,0.217690509735728,0,738591.714313478,139,1,0
127312.724451655,40,2051.2,2184,2425.6,0.217690509735728,0,738591.714313941,139,1,0
127312.764450722,40,2049.8,2180.4,2414.6,0.217690509735728,0,738591.714314403,139,1,0
127312.804449788,40,2046.4,2178.4,2413.8,0.209809976058716,0,738591.714314866,139,1,0
127312.844448855,40,2047.8,2180.2,2410,0.209809976058716,0,738591.714315329,139,1,0
127312.884447921,40,2046.8,2174.2,2404,0.209809976058716,0,738591.714315792,139,1,0
127312.924446987,40,2048.2,2177.2,2396.4,0.201848237487096,0,738591.714316255,139,1,0
127312.964446054,40,2041.2,2174.4,2392.6,0.201848237487096,0,738591.714316718,139,1,0
127313.00444512,40,2045.4,2175.6,2391.2,0.201848237487096,0,738591.714317181,139,1,0
127313.044444187,40,2045.6,2168.8,2383.6,0.1938292059518,0,738591.714317644,139,1,0
127313.084443253,40,2046,2165.4,2383.8,0.1938292059518,0,738591.714318107,139,1,0
127313.124442319,40,2043,2164.6,2380.4,0.1938292059518,0,738591.71431857,139,1,0
127313.164441386,40,2039.8,2169.2,2376.8,0.1938292059518,0,738591.714319033,139,1,0
127313.204440452,40,2042.4,2163,2375,0.185776166274405,0,738591.714319496,139,1,0
127313.244439519,40,2044,2164.2,2367.8,0.185776166274405,0,738591.714319959,139,1,0
127313.284438585,40,2042.6,2161.2,2365.8,0.185776166274405,0,738591.714320422,139,1,0
127313.324437651,40,2042.8,2160.2,2360.6,0.177645036196025,0,738591.714320885,139,1,0
127313.364436718,40,2045.6,2166.2,2363.4,0.185776166274405,0,738591.714321348,139,1,0
127313.404435784,40,2042.8,2169.2,2365.4,0.185776166274405,0,738591.714321811,139,1,0
127313.444434851,40,2048.8,2170.4,2376.2,0.1938292059518,0,738591.714322274,139,1,0
127313.484433917,40,2046,2179.2,2396.2,0.201848237487096,0,738591.714322737,139,1,0
127313.524432983,40,2052.2,2190.4,2418.6,0.217690509735728,0,738591.7143232,139,1,0
127313.56443205,40,2056.8,2200.6,2441.6,0.23311285385791,0,738591.714323663,139,1,0
127313.604431116,40,2053.6,2204.6,2461.4,0.240607502859899,0,738591.714324126,139,1,0
127313.644430183,40,2058.4,2205.4,2468.8,0.247943373130141,0,738591.714324588,139,1,0
127313.684429249,40,2053.8,2199,2469.4,0.247943373130141,0,738591.714325051,139,1,0
127313.724428315,40,2050.2,2193.6,2459.4,0.240607502859899,0,738591.714325514,139,1,0
127313.764427382,40,2053.2,2195.8,2455,0.240607502859899,0,738591.714325977,139,1,0
127313.804426448,40,2050.8,2191.4,2448.2,0.23311285385791,0,738591.71432644,139,1,0
127313.844425515,40,2047,2186,2430.2,0.22546602667987,0,738591.714326903,139,1,0
127313.884424581,40,2045.2,2173.6,2396,0.201848237487096,0,738591.714327366,139,1,0
127313.924423647,40,2038.4,2154,2337,0.169411989717047,0,738591.714327829,139,1,0
127313.964422714,40,2030.2,2124.8,2257.2,0.118985230701839,0,738591.714328292,139,1,0
127314.00442178,40,2020.2,2103.2,2189.8,0.0763448726461629,0,738591.714328755,139,1,0
127314.044420847,40,2016.4,2093.4,2151.6,0.0508229838192285,0,738591.714329218,139,1,0
127314.084419913,40,2018.8,2099.4,2171.6,0.0678158892722246,0,738591.714329681,139,1,0
127314.124418979,40,2033,2124,2237.6,0.110499862942923,0,738591.714330144,139,1,0
127314.164418046,40,2042.4,2159.4,2341.6,0.169411989717047,0,738591.714330607,139,1,0
127314.204417112,40,2061.6,2214.2,2475.6,0.255192037099933,0,738591.71433107,139,1,0
127314.244416179,40,2082.2,2281,2601.2,0.337970712706598,0,738591.714331533,139,1,0
127314.284415245,40,2102,2335.6,2694.6,0.40328460240995,0,738591.714331996,139,1,0
127314.324414311,40,2106.8,2353.8,2738.6,0.428504979421051,0,738591.714332459,139,1,0
127314.364413378,40,2095.2,2334.8,2754.2,0.425128212364026,0,738591.714332922,139,1,0
127314.404412444,40,2088.6,2309.2,2729.6,0.407087796030633,0,738591.714333385,139,1,0
127314.444411511,40,2075.6,2276.2,2663.8,0.368754859145485,0,738591.714333848,139,1,0
127314.484410577,40,2060,2227.2,2560.4,0.302476476218372,0,738591.71433431,139,1,0
127314.524409643,40,2042,2171.4,2411.4,0.209809976058716,0,738591.714334773,139,1,0
127314.56440871,40,2029.8,2131.2,2271.6,0.127426718795127,0,738591.714335236,139,1,0
127314.604407776,40,2019.4,2100.8,2190.4,0.0763448726461629,0,738591.714335699,139,1,0
127314.644406843,40,2019.8,2087.2,2145.4,0.0508229838192285,0,738591.714336162,139,1,0
127314.684405909,40,2021.6,2102.4,2161.6,0.0593137889402368,0,738591.714336625,139,1,0
127314.724404975,40,2027.6,2120.6,2219.2,0.0934398179939822,0,738591.714337088,139,1,0
127314.764404042,40,2038.2,2156.2,2334.4,0.169411989717047,0,738591.714337551,139,1,0
127314.804403108,40,2051,2201.8,2481.4,0.255192037099933,0,738591.714338014,139,1,0
127314.844402175,40,2070.4,2263.6,2637.2,0.348644610105061,0,738591.714338477,139,1,0
127314.884401241,40,2083.8,2302.4,2727.6,0.40328460240995,0,738591.71433894,139,1,0
127314.924400307,40,2086.2,2310.2,2742.8,0.410805274905437,0,738591.714339403,139,1,0
127314.964399374,40,2075.2,2282.6,2710,0.386764766906683,0,738591.714339866,139,1,0
127315.00439844,40,2063.4,2252.2,2637.4,0.348644610105061,0,738591.714340329,139,1,0
127315.044397507,40,2054.2,2209.2,2526.2,0.276319583868493,0,738591.714340792,139,1,0
127315.084396573,40,2041,2167.4,2407,0.209809976058716,0,738591.714341255,139,1,0
127315.124395639,40,2029.6,2137,2286.8,0.135865336144291,0,738591.714341718,139,1,0
127315.164394706,40,2022.8,2110.6,2196.6,0.0848903918358405,0,738591.714342181,139,1,0
127315.204393772,40,2018.4,2090,2155.2,0.0508229838192285,0,738591.714342644,139,1,0
127315.244392839,40,2023.8,2106.4,2197,0.0848903918358405,0,738591.714343106,139,1,0
127315.284391905,40,2038.6,2136.6,2281,0.135865336144291,0,738591.714343569,139,1,0
127315.324390971,40,2054,2193.2,2423,0.217690509735728,0,738591.714344032,139,1,0
127315.364390038,40,2077.4,2278.2,2612.8,0.343346052247892,0,738591.714344495,139,1,0
127315.404389104,40,2119,2388.4,2754.4,0.450551887993656,0,738591.714344958,139,1,0
127315.444388171,40,2167.4,2504.4,2782.6,0.515253305057495,0,738591.714345421,139,1,0
127315.484387237,40,2216.4,2591,2727,0.569588722382563,0,738591.714345884,139,1,0
127315.524386303,40,2248.2,2634,2661.4,0.612057035125496,0,738591.714346347,139,1,0
127315.56438537,40,2277,2639.4,2602.2,0.644874704227505,0,738591.71434681,139,1,0
127315.604384436,40,2275.4,2634.6,2598,0.644874704227505,0,738591.714347273,139,1,0
127315.644383503,40,2260,2619.8,2610.2,0.631044484920262,0,738591.714347736,139,1,0
127315.684382569,40,2255.6,2613.6,2618.6,0.624652083154255,0,738591.714348199,139,1,0
127315.724381635,40,2249,2601,2622,0.624652083154255,0,738591.714348662,139,1,0
127315.764380702,40,2244,2596.4,2622.4,0.618315253815366,0,738591.714349125,139,1,0
127315.804379768,40,2242.4,2590.8,2627.2,0.618315253815366,0,738591.714349588,139,1,0
127315.844378835,40,2233,2588,2634,0.612057035125496,0,738591.714350051,139,1,0
127315.884377901,40,2233.4,2585.8,2652,0.599968108845147,0,738591.714350514,139,1,0
127315.924376967,40,2222.6,2584.6,2663,0.594262839921512,0,738591.714350977,139,1,0
127315.964376034,40,2223.8,2581,2678.4,0.588876176147107,0,738591.71435144,139,1,0
127316.0043751,40,2220.8,2581.8,2688,0.583833754475175,0,738591.714351903,139,1,0
127316.044374167,40,2218.8,2580,2699.6,0.574222330828679,0,738591.714352366,139,1,0
127316.084373233,40,2208.8,2575.2,2707,0.569588722382563,0,738591.714352829,139,1,0
127316.124372299,40,2210,2572.4,2717.4,0.565045243642498,0,738591.714353291,139,1,0
127316.164371366,40,2200.8,2563,2726,0.556159953867887,0,738591.714353754,139,1,0
127316.204370432,40,2200,2550.4,2732.4,0.551780936408301,0,738591.714354217,139,1,0
127316.244369499,40,2194.4,2547,2731.4,0.547347406226808,0,738591.71435468,139,1,0
127316.284368565,40,2189.8,2538,2736.8,0.542871538413132,0,738591.714355143,139,1,0
127316.324367631,40,2184.4,2533.4,2741,0.538422989004052,0,738591.714355606,139,1,0
127316.364366698,40,2183.2,2525.4,2750.8,0.529878689826299,0,738591.714356069,139,1,0
127316.404365764,40,2178,2521,2757,0.525905872840668,0,738591.714356532,139,1,0
127316.444364831,40,2176.8,2518.2,2772.6,0.522197406963211,0,738591.714356995,139,1,0
127316.484363897,40,2173.4,2514.8,2785,0.518694902567443,0,738591.714357458,139,1,0
127316.524362963,40,2165,2511,2803.4,0.511882214864485,0,738591.714357921,139,1,0
127316.56436203,40,2156.2,2504.6,2818.2,0.505393377873714,0,738591.714358384,139,1,0
127316.604361096,40,2156.8,2500.2,2822.8,0.505393377873714,0,738591.714358847,139,1,0
127316.644360163,40,2153,2492.6,2831.6,0.50228671473493,0,738591.71435931,139,1,0
127316.684359229,40,2150,2484.4,2827.6,0.499270038037406,0,738591.714359773,139,1,0
127316.724358295,40,2149.8,2478,2827.4,0.496326542179284,0,738591.714360236,139,1,0
127316.764357362,40,2147.4,2471,2830.6,0.493405501065281,0,738591.714360699,139,1,0
127316.804356428,40,2140,2459.4,2833.2,0.487615962487291,0,738591.714361162,139,1,0
127316.844355495,40,2138.2,2451.4,2829.8,0.484751607133863,0,738591.714361625,139,1,0
127316.884354561,40,2133,2445.2,2827.2,0.481907443526687,0,738591.714362088,139,1,0
127316.924353627,40,2131,2429.4,2818,0.476263247852878,0,738591.714362551,139,1,0
127316.964352694,40,2128,2422.8,2807.6,0.473447257109288,0,738591.714363014,139,1,0
127317.00435176,40,2126,2413.2,2812.2,0.470625219085011,0,738591.714363476,139,1,0
127317.044350827,40,2120.8,2410.2,2815,0.467793229441151,0,738591.714363939,139,1,0
127317.084349893,40,2117.6,2402.2,2821.8,0.464950132634141,0,738591.714364402,139,1,0
127317.124348959,40,2116.4,2396.2,2825.2,0.464950132634141,0,738591.714364865,139,1,0
127317.164348026,40,2115.4,2385.8,2827.8,0.459236660010158,0,738591.714365328,139,1,0
127317.204347092,40,2110.8,2381,2825.2,0.456373136362794,0,738591.714365791,139,1,0
127317.244346159,40,2104.4,2370.4,2824.4,0.453494906469943,0,738591.714366254,139,1,0
127317.284345225,40,2103.8,2364.4,2821.2,0.450551887993656,0,738591.714366717,139,1,0
127317.324344291,40,2098.8,2356.2,2808.6,0.44753899151123,0,738591.71436718,139,1,0
127317.364343358,40,2099,2350,2802.8,0.444461856242911,0,738591.714367643,139,1,0
127317.404342424,40,2095,2340.8,2793.8,0.438163879902346,0,738591.714368106,139,1,0
127317.444341491,40,2092.2,2334.2,2785,0.431780397291947,0,738591.714368569,139,1,0
127317.484340557,40,2088.4,2323.2,2774.2,0.425128212364026,0,738591.714369032,139,1,0
127317.524339623,40,2087.2,2312.4,2764,0.418105355894062,0,738591.714369495,139,1,0
127317.56433869,40,2086.8,2310.8,2749.2,0.414482951876891,0,738591.714369958,139,1,0
127317.604337756,40,2085.8,2299.4,2742.6,0.407087796030633,0,738591.714370421,139,1,0
127317.644336823,40,2078.6,2291.6,2723.6,0.395257100342653,0,738591.714370884,139,1,0
127317.684335889,40,2082.8,2292.6,2710.8,0.391060991882511,0,738591.714371347,139,1,0
127317.724334955,40,2078.6,2287.6,2709.8,0.391060991882511,0,738591.71437181,139,1,0
127317.764334022,40,2074,2283.2,2701,0.386764766906683,0,738591.714372272,139,1,0
127317.804333088,40,2073.6,2275.8,2691,0.377942585608142,0,738591.714372735,139,1,0
127317.844332155,40,2074,2274.4,2680,0.373428644053777,0,738591.714373198,139,1,0
127317.884331221,40,2072,2268.2,2674.8,0.368754859145485,0,738591.714373661,139,1,0
127317.924330287,40,2072.4,2260.6,2661.4,0.358950679005964,0,738591.714374124,139,1,0
127317.964329354,40,2070.4,2261.2,2654.4,0.358950679005964,0,738591.714374587,139,1,0
127318.00432842,40,2069.6,2258.6,2655.2,0.358950679005964,0,738591.71437505,139,1,0
127318.044327487,40,2066.6,2256,2644.4,0.348644610105061,0,738591.714375513,139,1,0
127318.084326553,40,2063,2248,2632,0.343346052247892,0,738591.714375976,139,1,0
127318.124325619,40,2062.8,2242.4,2626.6,0.337970712706598,0,738591.714376439,139,1,0
127318.164324686,40,2064.2,2239.4,2614.4,0.332441626603816,0,738591.714376902,139,1,0
127318.204323752,40,2058.8,2231.8,2607.6,0.326733506593257,0,738591.714377365,139,1,0
127318.244322819,40,2059,2229.6,2594,0.320864293004959,0,738591.714377828,139,1,0
127318.284321885,40,2062.6,2223.4,2587.4,0.314852433574075,0,738591.714378291,139,1,0
127318.324320951,40,2061,2224.6,2577.8,0.308716774565867,0,738591.714378754,139,1,0
127318.364320018,40,2059.8,2221,2571,0.302476476218372,0,738591.714379217,139,1,0
127318.404319084,40,2055.2,2219,2558.2,0.296150945871009,0,738591.71437968,139,1,0
127318.444318151,40,2056.4,2216.6,2549.4,0.296150945871009,0,738591.714380143,139,1,0
127318.484317217,40,2056.4,2216.4,2541.2,0.289712392214872,0,738591.714380606,139,1,0
127318.524316283,40,2054.2,2209.6,2531.8,0.283096794046065,0,738591.714381069,139,1,0
127318.56431535,40,2054.4,2207.6,2522.6,0.276319583868493,0,738591.714381532,139,1,0
127318.604314416,40,2055.2,2202.4,2510.6,0.269397995475526,0,738591.714381995,139,1,0
127318.644313483,40,2056.6,2204,2496.8,0.262349558948715,0,738591.714382457,139,1,0
127318.684312549,40,2055.8,2201.8,2480.8,0.255192037099933,0,738591.71438292,139,1,0
127318.724311615,40,2050.6,2198.4,2459.6,0.240607502859899,0,738591.714383383,139,1,0
127318.764310682,40,2052.8,2196,2451.6,0.240607502859899,0,738591.714383846,139,1,0
127318.804309748,40,2051.8,2196.8,2440,0.23311285385791,0,738591.714384309,139,1,0
127318.844308815,40,2051,2191,2435.2,0.22546602667987,0,738591.714384772,139,1,0
127318.884307881,40,2052.4,2187.8,2433.8,0.22546602667987,0,738591.714385235,139,1,0
127318.924306947,40,2046,2187.8,2426.8,0.22546602667987,0,738591.714385698,139,1,0
127318.964306014,40,2048.2,2183.2,2420.8,0.217690509735728,0,738591.714386161,139,1,0
127319.00430508,40,2047.6,2180,2425.2,0.217690509735728,0,738591.714386624,139,1,0
127319.044304147,40,2047.8,2175.4,2419.8,0.217690509735728,0,738591.714387087,139,1,0
127319.084303213,40,2045.2,2176.4,2412,0.209809976058716,0,738591.71438755,139,1,0
127319.124302279,40,2046.8,2175.4,2410.4,0.209809976058716,0,738591.714388013,139,1,0
127319.164301346,40,2042.2,2169,2400.6,0.201848237487096,0,738591.714388476,139,1,0
127319.204300412,40,2042.6,2172.2,2393.8,0.201848237487096,0,738591.714388939,139,1,0
127319.244299479,40,2049.6,2172.8,2383.2,0.1938292059518,0,738591.714389402,139,1,0
127319.284298545,40,2044.2,2166.8,2376.8,0.1938292059518,0,738591.714389865,139,1,0
127319.324297611,40,2043.4,2163.2,2372.6,0.185776166274405,0,738591.714390328,139,1,0
127319.364296678,40,2041.8,2159,2363.6,0.185776166274405,0,738591.714390791,139,1,0
127319.404295744,40,2041.4,2159.4,2357.4,0.177645036196025,0,738591.714391254,139,1,0
127319.444294811,40,2038.6,2165.8,2355.4,0.177645036196025,0,738591.714391717,139,1,0
127319.484293877,40,2039.2,2158.4,2353.2,0.177645036196025,0,738591.71439218,139,1,0
127319.524292943,40,2042.2,2154.4,2344.4,0.169411989717047,0,738591.714392642,139,1,0
127319.56429201,40,2039,2155.4,2342.6,0.169411989717047,0,738591.714393105,139,1,0
127319.604291076,40,2040,2150.4,2338.8,0.169411989717047,0,738591.714393568,139,1,0
127319.644290143,40,2038.6,2151,2337.2,0.169411989717047,0,738591.714394031,139,1,0
127319.684289209,40,2032,2151.6,2329.2,0.16109719849738,0,738591.714394494,139,1,0
127319.724288275,40,2036.4,2151,2326.8,0.16109719849738,0,738591.714394957,139,1,0
127319.764287342,40,2036.2,2146.2,2319,0.152720933067318,0,738591.71439542,139,1,0
127319.804286408,40,2038.8,2146.4,2313.4,0.152720933067318,0,738591.714395883,139,1,0
127319.844285475,40,2038.2,2145,2316.6,0.152720933067318,0,738591.714396346,139,1,0
127319.884284541,40,2042.2,2143.8,2306.6,0.144303525703992,0,738591.714396809,139,1,0
127319.924283607,40,2039.4,2146.4,2306.2,0.144303525703992,0,738591.714397272,139,1,0
127319.964282674,40,2039.2,2139.8,2302,0.144303525703992,0,738591.714397735,139,1,0
127320.00428174,40,2039.4,2142.2,2302.6,0.144303525703992,0,738591.714398198,139,1,0
127320.044280807,40,2034.4,2147.8,2304.2,0.144303525703992,0,738591.714398661,139,1,0
127320.084279873,40,2037.4,2144.8,2310.2,0.152720933067318,0,738591.714399124,139,1,0
127320.124278939,40,2034.4,2149,2316,0.152720933067318,0,738591.714399587,139,1,0
127320.164278006,40,2042.6,2154,2319.8,0.16109719849738,0,738591.71440005,139,1,0
127320.204277072,40,2042.8,2155.4,2336.2,0.169411989717047,0,738591.714400513,139,1,0
127320.244276139,40,2045,2161.4,2351.8,0.177645036196025,0,738591.714400976,139,1,0
127320.284275205,40,2046.8,2170.6,2376.2,0.1938292059518,0,738591.714401438,139,1,0
127320.324274271,40,2053.6,2190.8,2415.2,0.217690509735728,0,738591.714401901,139,1,0
127320.364273338,40,2060,2210.6,2463.4,0.247943373130141,0,738591.714402364,139,1,0
127320.404272404,40,2069.2,2234.6,2526.4,0.283096794046065,0,738591.714402827,139,1,0
127320.444271471,40,2075,2260.8,2571.8,0.314852433574075,0,738591.71440329,139,1,0
127320.484270537,40,2083.4,2279.6,2604.2,0.337970712706598,0,738591.714403753,139,1,0
127320.524269603,40,2087.2,2294.2,2629.2,0.358950679005964,0,738591.714404216,139,1,0
127320.56426867,40,2086.2,2295,2641.2,0.363923734977373,0,738591.714404679,139,1,0
127320.604267736,40,2080.4,2278.8,2646.6,0.358950679005964,0,738591.714405142,139,1,0
127320.644266803,40,2076,2276.8,2655.6,0.363923734977373,0,738591.714405605,139,1,0
127320.684265869,40,2071.2,2268.4,2664.2,0.363923734977373,0,738591.714406068,139,1,0
127320.724264935,40,2070,2261.2,2664.8,0.363923734977373,0,738591.714406531,139,1,0
127320.764264002,40,2067.6,2256,2665.6,0.358950679005964,0,738591.714406994,139,1,0
127320.804263068,40,2063.6,2247.8,2651.8,0.353851981337952,0,738591.714407457,139,1,0
127320.844262135,40,2066.4,2242.6,2632.8,0.343346052247892,0,738591.71440792,139,1,0
127320.884261201,40,2064.2,2231.6,2599.4,0.320864293004959,0,738591.714408383,139,1,0
127320.924260267,40,2054.8,2215.4,2562,0.296150945871009,0,738591.714408846,139,1,0
127320.964259334,40,2047,2193.4,2497,0.262349558948715,0,738591.714409309,139,1,0
127321.0042584,40,2044.8,2164.6,2402.4,0.201848237487096,0,738591.714409772,139,1,0
127321.044257467,40,2028,2135.2,2307.4,0.144303525703992,0,738591.714410235,139,1,0
127321.084256533,40,2026.8,2116,2226.4,0.10198051839832,0,738591.714410698,139,1,0
127321.124255599,40,2018.2,2095,2169,0.0593137889402368,0,738591.714411161,139,1,0
127321.164254666,40,2018,2091.2,2148.6,0.0508229838192285,0,738591.714411623,139,1,0
127321.204253732,40,2022.4,2096.4,2164.8,0.0593137889402368,0,738591.714412086,139,1,0
127321.244252799,40,2029.4,2113.4,2208.4,0.0848903918358405,0,738591.714412549,139,1,0
127321.284251865,40,2038.4,2142.8,2296.8,0.144303525703992,0,738591.714413012,139,1,0
127321.324250931,40,2041.6,2171.8,2414.2,0.209809976058716,0,738591.714413475,139,1,0
127321.364249998,40,2049.6,2201,2539,0.283096794046065,0,738591.714413938,139,1,0
127321.404249064,40,2055.6,2226,2605.4,0.320864293004959,0,738591.714414401,139,1,0
127321.444248131,40,2054.4,2217.6,2580.2,0.308716774565867,0,738591.714414864,139,1,0
127321.484247197,40,2048.4,2194.8,2502.4,0.262349558948715,0,738591.714415327,139,1,0
127321.524246263,40,2042.4,2162.8,2406,0.201848237487096,0,738591.71441579,139,1,0
127321.56424533,40,2029.4,2132,2304.6,0.144303525703992,0,738591.714416253,139,1,0
127321.604244396,40,2028.8,2112.6,2212.6,0.0934398179939822,0,738591.714416716,139,1,0
127321.644243463,40,2016.8,2091,2147,0.0508229838192285,0,738591.714417179,139,1,0
127321.684242529,40,2012,2075.2,2110.2,0.0253848212489384,0,738591.714417642,139,1,0
127321.724241595,40,2012.2,2078.2,2109.2,0.0253848212489384,0,738591.714418105,139,1,0
127321.764240662,40,2018,2089,2139.2,0.0423378267548223,0,738591.714418568,139,1,0
127321.804239728,40,2022.2,2104.2,2190.8,0.0763448726461629,0,738591.714419031,139,1,0
127321.844238795,40,2031.4,2133,2271.6,0.127426718795127,0,738591.714419494,139,1,0
127321.884237861,40,2044.2,2166.6,2383.6,0.1938292059518,0,738591.714419957,139,1,0
127321.924236927,40,2049.4,2196.2,2487.6,0.255192037099933,0,738591.71442042,139,1,0
127321.964235994,40,2056.6,2207.4,2550.8,0.289712392214872,0,738591.714420883,139,1,0
127322.00423506,40,2048.6,2198.2,2534.8,0.283096794046065,0,738591.714421346,139,1,0
127322.044234127,40,2047.6,2188,2479,0.247943373130141,0,738591.714421808,139,1,0
127322.084233193,40,2040.2,2163.8,2396,0.201848237487096,0,738591.714422271,139,1,0
127322.124232259,40,2032.8,2141,2307.6,0.144303525703992,0,738591.714422734,139,1,0
127322.164231326,40,2023.6,2114.6,2217.4,0.0934398179939822,0,738591.714423197,139,1,0
127322.204230392,40,2020.8,2092,2151.6,0.0508229838192285,0,738591.71442366,139,1,0
127322.244229459,40,2014,2080.2,2108,0.0253848212489384,0,738591.714424123,139,1,0
127322.284228525,40,2012.8,2077.4,2106,0.0253848212489384,0,738591.714424586,139,1,0
127322.324227591,40,2015.6,2091,2140,0.0508229838192285,0,738591.714425049,139,1,0
127322.364226658,40,2022.4,2101.4,2183.2,0.0763448726461629,0,738591.714425512,139,1,0
127322.404225724,40,2034.4,2128.2,2264.8,0.118985230701839,0,738591.714425975,139,1,0
127322.444224791,40,2039.8,2162.2,2370.2,0.185776166274405,0,738591.714426438,139,1,0
127322.484223857,40,2053.4,2196.4,2486.6,0.255192037099933,0,738591.714426901,139,1,0
127322.524222923,40,2057.6,2218.6,2554.6,0.296150945871009,0,738591.714427364,139,1,0
127322.56422199,40,2050.4,2208.8,2562.4,0.296150945871009,0,738591.714427827,139,1,0
127322.604221056,40,2052.4,2197.4,2522.8,0.276319583868493,0,738591.71442829,139,1,0
127322.644220123,40,2040.4,2178.6,2454.2,0.23311285385791,0,738591.714428753,139,1,0
127322.684219189,40,2035.8,2147.2,2347.4,0.169411989717047,0,738591.714429216,139,1,0
127322.724218255,40,2027.2,2113.6,2236.8,0.10198051839832,0,738591.714429679,139,1,0
127322.764217322,40,2017.8,2090.6,2161.6,0.0593137889402368,0,738591.714430141,139,1,0
127322.804216388,40,2013.4,2082,2117,0.0338584083790698,0,738591.714430604,139,1,0
127322.844215455,40,2010.8,2083.6,2125.4,0.0338584083790698,0,738591.714431067,139,1,0
127322.884214521,40,2021.6,2097,2155,0.0593137889402368,0,738591.71443153,139,1,0
127322.924213587,40,2028.4,2119.2,2225.2,0.10198051839832,0,738591.714431993,139,1,0
127322.964212654,40,2037,2143,2324.8,0.16109719849738,0,738591.714432456,139,1,0
127323.00421172,40,2044.6,2183.8,2463,0.240607502859899,0,738591.714432919,139,1,0
127323.044210787,40,2057.2,2217.4,2582.4,0.308716774565867,0,738591.714433382,139,1,0
127323.084209853,40,2062,2234.4,2635.6,0.337970712706598,0,738591.714433845,139,1,0
127323.124208919,40,2056.2,2220,2592.2,0.314852433574075,0,738591.714434308,139,1,0
127323.164207986,40,2048.2,2200,2518.4,0.276319583868493,0,738591.714434771,139,1,0
127323.204207052,40,2040.2,2165.2,2415,0.209809976058716,0,738591.714435234,139,1,0
127323.244206119,40,2030.2,2134.6,2302.8,0.144303525703992,0,738591.714435697,139,1,0
127323.284205185,40,2022.2,2105.6,2203.2,0.0848903918358405,0,738591.71443616,139,1,0
127323.324204251,40,2015.2,2083.4,2136.4,0.0423378267548223,0,738591.714436623,139,1,0
127323.364203318,40,2012.8,2081.4,2122.8,0.0338584083790698,0,738591.714437086,139,1,0
127323.404202384,40,2020.4,2094.4,2147.2,0.0508229838192285,0,738591.714437549,139,1,0
127323.444201451,40,2029,2110.6,2205.6,0.0848903918358405,0,738591.714438012,139,1,0
127323.484200517,40,2035.4,2144.8,2326,0.16109719849738,0,738591.714438475,139,1,0
127323.524199583,40,2049.6,2191.6,2494.4,0.255192037099933,0,738591.714438938,139,1,0
127323.56419865,40,2063,2246,2654.4,0.353851981337952,0,738591.714439401,139,1,0
127323.604197716,40,2074.4,2281.8,2730.4,0.395257100342653,0,738591.714439864,139,1,0
127323.644196783,40,2074,2278.6,2691.6,0.377942585608142,0,738591.714440326,139,1,0
127323.684195849,40,2068.6,2250.4,2623.4,0.337970712706598,0,738591.714440789,139,1,0
127323.724194915,40,2057.8,2219.6,2550.8,0.296150945871009,0,738591.714441252,139,1,0
127323.764193982,40,2049.4,2177.2,2445.8,0.23311285385791,0,738591.714441715,139,1,0
127323.804193048,40,2032.4,2139.4,2329.8,0.16109719849738,0,738591.714442178,139,1,0
127323.844192115,40,2023.2,2107.4,2219.4,0.0934398179939822,0,738591.714442641,139,1,0
127323.884191181,40,2014.4,2088.2,2147.6,0.0508229838192285,0,738591.714443104,139,1,0
127323.924190247,40,2010.6,2078.6,2111.2,0.0253848212489384,0,738591.714443567,139,1,0
127323.964189314,40,2010,2079,2105,0.0253848212489384,0,738591.71444403,139,1,0
127324.00418838,40,2014,2089,2125,0.0423378267548223,0,738591.714444493,139,1,0
127324.044187447,40,2022.6,2102.2,2196.4,0.0763448726461629,0,738591.714444956,139,1,0
127324.084186513,40,2031.6,2136.2,2312.8,0.152720933067318,0,738591.714445419,139,1,0
127324.124185579,40,2042.8,2186.4,2487.4,0.255192037099933,0,738591.714445882,139,1,0
127324.164184646,40,2062.8,2249.8,2678.6,0.363923734977373,0,738591.714446345,139,1,0
127324.204183712,40,2087.4,2317.2,2787,0.425128212364026,0,738591.714446808,139,1,0
127324.244182779,40,2093.2,2338,2792.8,0.43497595920232,0,738591.714447271,139,1,0
127324.284181845,40,2085.6,2317.2,2766.6,0.421658073096564,0,738591.714447734,139,1,0
127324.324180911,40,2074.4,2269.8,2705.4,0.382385889505606,0,738591.714448197,139,1,0
127324.364179978,40,2053.6,2224.2,2608,0.326733506593257,0,738591.71444866,139,1,0
127324.404179044,40,2043.4,2178.8,2462.2,0.240607502859899,0,738591.714449123,139,1,0
127324.444178111,40,2031.8,2138.4,2321.8,0.152720933067318,0,738591.714449586,139,1,0
127324.484177177,40,2020.2,2105.4,2207.8,0.0848903918358405,0,738591.714450049,139,1,0
127324.524176243,40,2014.6,2083.6,2135.6,0.0423378267548223,0,738591.714450511,139,1,0
127324.56417531,40,2011.2,2070,2103.2,0.0253848212489384,0,738591.714450974,139,1,0
127324.604174376,40,2008,2073.4,2092.8,0.0169171597617857,0,738591.714451437,139,1,0
127324.644173443,40,2013.6,2081,2114.6,0.0338584083790698,0,738591.7144519,139,1,0
127324.684172509,40,2022,2102.4,2180.2,0.0678158892722246,0,738591.714452363,139,1,0
127324.724171575,40,2037.2,2148.2,2308.2,0.152720933067318,0,738591.714452826,139,1,0
127324.764170642,40,2057.6,2218.4,2507.6,0.269397995475526,0,738591.714453289,139,1,0
127324.804169708,40,2102,2322.2,2675.6,0.391060991882511,0,738591.714453752,139,1,0
127324.844168775,40,2137.2,2430.4,2767.4,0.479080214620055,0,738591.714454215,139,1,0
127324.884167841,40,2159.8,2496.2,2798.4,0.505393377873714,0,738591.714454678,139,1,0
127324.924166907,40,2167.2,2517.8,2818.2,0.511882214864485,0,738591.714455141,139,1,0
127324.964165974,40,2158.4,2500.4,2844.6,0.50228671473493,0,738591.714455604,139,1,0
127325.00416504,40,2150.6,2486.2,2853.2,0.499270038037406,0,738591.714456067,139,1,0
127325.044164107,40,2142.6,2468.4,2850.4,0.490501068505437,0,738591.71445653,139,1,0
127325.084163173,40,2127.2,2433.2,2859.2,0.476263247852878,0,738591.714456993,139,1,0
127325.124162239,40,2106.4,2369.6,2853,0.453494906469943,0,738591.714457456,139,1,0
127325.164161306,40,2080.8,2290.8,2740.8,0.40328460240995,0,738591.714457919,139,1,0
127325.204160372,40,2052.6,2205,2544,0.289712392214872,0,738591.714458382,139,1,0
127325.244159439,40,2034,2148.2,2347,0.169411989717047,0,738591.714458845,139,1,0
127325.284158505,40,2020,2108.2,2215,0.0934398179939822,0,738591.714459307,139,1,0
127325.324157571,40,2018.2,2089.6,2136.6,0.0423378267548223,0,738591.71445977,139,1,0
127325.364156638,40,2014.6,2073.8,2101.4,0.0253848212489384,0,738591.714460233,139,1,0
127325.404155704,40,2007,2070.6,2084.4,0.00845552007074221,0,738591.714460696,139,1,0
127325.444154771,40,2011,2075.2,2098,0.0169171597617857,0,738591.714461159,139,1,0
127325.484153837,40,2017.6,2088.6,2135.2,0.0423378267548223,0,738591.714461622,139,1,0
127325.524152903,40,2024,2110.4,2208.8,0.0848903918358405,0,738591.714462085,139,1,0
127325.56415197,40,2040,2153.4,2358,0.177645036196025,0,738591.714462548,139,1,0
127325.604151036,40,2063.2,2241.4,2583.6,0.314852433574075,0,738591.714463011,139,1,0
127325.644150103,40,2110.6,2369.2,2762.4,0.444461856242911,0,738591.714463474,139,1,0
127325.684149169,40,2163.4,2513.8,2816.6,0.508592948493873,0,738591.714463937,139,1,0
127325.724148235,40,2204.8,2600.8,2791.6,0.542871538413132,0,738591.7144644,139,1,0
127325.764147302,40,2219.6,2622.8,2759,0.565045243642498,0,738591.714464863,139,1,0
127325.804146368,40,2212.8,2592,2745.4,0.560574676958856,0,738591.714465326,139,1,0
127325.844145435,40,2190.2,2548.4,2743,0.542871538413132,0,738591.714465789,139,1,0
127325.884144501,40,2180.2,2515.2,2727.4,0.534070371073587,0,738591.714466252,139,1,0
127325.924143567,40,2163.6,2482.8,2743.4,0.515253305057495,0,738591.714466715,139,1,0
127325.964142634,40,2130.6,2427.6,2796.2,0.476263247852878,0,738591.714467178,139,1,0
127326.0041417,40,2103.8,2343,2774.2,0.43497595920232,0,738591.714467641,139,1,0
127326.044140767,40,2066.8,2246,2634.6,0.343346052247892,0,738591.714468104,139,1,0
127326.084139833,40,2045,2167.8,2425.2,0.217690509735728,0,738591.714468567,139,1,0
127326.124138899,40,2025.4,2121,2249.4,0.110499862942923,0,738591.71446903,139,1,0
127326.164137966,40,2014.2,2090,2149,0.0508229838192285,0,738591.714469492,139,1,0
127326.204137032,40,2010.6,2065.6,2097.2,0.0169171597617857,0,738591.714469955,139,1,0
127326.244136099,40,2007.6,2066.6,2074.6,0.00845552007074221,0,738591.714470418,139,1,0
127326.284135165,40,2010.4,2070.4,2088.8,0.0169171597617857,0,738591.714470881,139,1,0
127326.324134231,40,2011,2085.8,2108.8,0.0253848212489384,0,738591.714471344,139,1,0
127326.364133298,40,2015.8,2096,2157,0.0593137889402368,0,738591.714471807,139,1,0
127326.404132364,40,2024.2,2115,2233.4,0.10198051839832,0,738591.71447227,139,1,0
127326.444131431,40,2031.8,2148.4,2333.8,0.16109719849738,0,738591.714472733,139,1,0
127326.484130497,40,2043.2,2184.2,2490,0.255192037099933,0,738591.714473196,139,1,0
127326.524129563,40,2059.2,2225.8,2609.6,0.326733506593257,0,738591.714473659,139,1,0
127326.56412863,40,2063.8,2243.6,2646,0.348644610105061,0,738591.714474122,139,1,0
127326.604127696,40,2064,2235,2611.8,0.332441626603816,0,738591.714474585,139,1,0
127326.644126763,40,2054.2,2214.2,2543.2,0.289712392214872,0,738591.714475048,139,1,0
127326.684125829,40,2046.6,2190.4,2487.6,0.255192037099933,0,738591.714475511,139,1,0
127326.724124895,40,2041.4,2167.8,2416.2,0.209809976058716,0,738591.714475974,139,1,0
127326.764123962,40,2032.2,2137,2328.6,0.16109719849738,0,738591.714476437,139,1,0
127326.804123028,40,2022.8,2113,2238.8,0.10198051839832,0,738591.7144769,139,1,0
127326.844122095,40,2020.8,2099.4,2180.2,0.0678158892722246,0,738591.714477363,139,1,0
127326.884121161,40,2015.4,2092.6,2153,0.0508229838192285,0,738591.714477826,139,1,0
127326.924120227,40,2022.8,2106.2,2174.4,0.0678158892722246,0,738591.714478289,139,1,0
127326.964119294,40,2025.2,2112.8,2202.6,0.0848903918358405,0,738591.714478752,139,1,0
127327.00411836,40,2026.4,2124.8,2246.2,0.110499862942923,0,738591.714479215,139,1,0
127327.044117427,40,2034.2,2137.8,2292.6,0.135865336144291,0,738591.714479677,139,1,0
127327.084116493,40,2039.2,2149.8,2344.2,0.169411989717047,0,738591.71448014,139,1,0
127327.124115559,40,2039.2,2152,2380.8,0.185776166274405,0,738591.714480603,139,1,0
127327.164114626,40,2038.6,2160.6,2415.8,0.209809976058716,0,738591.714481066,139,1,0
127327.204113692,40,2033.6,2164.6,2425.2,0.217690509735728,0,738591.714481529,139,1,0
127327.244112759,40,2038.4,2159,2416.8,0.209809976058716,0,738591.714481992,139,1,0
127327.284111825,40,2039.2,2160.2,2402.4,0.201848237487096,0,738591.714482455,139,1,0
127327.324110891,40,2040.8,2154.4,2383,0.1938292059518,0,738591.714482918,139,1,0
127327.364109958,40,2038.2,2157.6,2366,0.185776166274405,0,738591.714483381,139,1,0
127327.404109024,40,2040.2,2157,2358.6,0.177645036196025,0,738591.714483844,139,1,0
127327.444108091,40,2043.8,2155.8,2341.2,0.169411989717047,0,738591.714484307,139,1,0
127327.484107157,40,2040.8,2152.8,2330.2,0.16109719849738,0,738591.71448477,139,1,0
127327.524106223,40,2038.2,2146.8,2322,0.16109719849738,0,738591.714485233,139,1,0
127327.56410529,40,2038,2148.6,2322.6,0.16109719849738,0,738591.714485696,139,1,0
127327.604104356,40,2036.8,2145.2,2314.6,0.152720933067318,0,738591.714486159,139,1,0
127327.644103423,40,2033.6,2141.4,2320.4,0.152720933067318,0,738591.714486622,139,1,0
127327.684102489,40,2032.8,2142.8,2317.6,0.152720933067318,0,738591.714487085,139,1,0
127327.724101555,40,2030.2,2134.2,2315.6,0.152720933067318,0,738591.714487548,139,1,0
127327.764100622,40,2029.8,2139,2307.6,0.144303525703992,0,738591.714488011,139,1,0
127327.804099688,40,2031.6,2134,2302,0.144303525703992,0,738591.714488473,139,1,0
127327.844098755,40,2032.6,2136.6,2300.2,0.144303525703992,0,738591.714488936,139,1,0
127327.884097821,40,2029.4,2132.2,2296.2,0.135865336144291,0,738591.714489399,139,1,0
127327.924096887,40,2027.6,2129.2,2288.4,0.135865336144291,0,738591.714489862,139,1,0
127327.964095954,40,2026.2,2126.4,2281.4,0.127426718795127,0,738591.714490325,139,1,0
127328.00409502,40,2030.4,2130.2,2272.6,0.127426718795127,0,738591.714490788,139,1,0
127328.044094087,40,2026,2124.4,2267.8,0.118985230701839,0,738591.714491251,139,1,0
127328.084093153,40,2027.8,2129.2,2260.6,0.118985230701839,0,738591.714491714,139,1,0
127328.124092219,40,2031.6,2129,2252.8,0.118985230701839,0,738591.714492177,139,1,0
127328.164091286,40,2030.4,2122.4,2252.6,0.110499862942923,0,738591.71449264,139,1,0
127328.204090352,40,2024.8,2121.6,2249.6,0.110499862942923,0,738591.714493103,139,1,0
127328.244089419,40,2024.8,2120,2245.8,0.110499862942923,0,738591.714493566,139,1,0
127328.284088485,40,2027.2,2122,2242.8,0.110499862942923,0,738591.714494029,139,1,0
127328.324087551,40,2029.2,2113.8,2233,0.10198051839832,0,738591.714494492,139,1,0
127328.364086618,40,2027.2,2116.2,2233,0.10198051839832,0,738591.714494955,139,1,0
127328.404085684,40,2024.8,2113.4,2231.4,0.10198051839832,0,738591.714495418,139,1,0
127328.444084751,40,2020,2115.6,2229,0.10198051839832,0,738591.714495881,139,1,0
127328.484083817,40,2022.8,2113.6,2229.6,0.10198051839832,0,738591.714496344,139,1,0
127328.524082883,40,2026.2,2113.2,2243.4,0.110499862942923,0,738591.714496807,139,1,0
127328.56408195,40,2025,2125,2267.2,0.118985230701839,0,738591.71449727,139,1,0
127328.604081016,40,2034.4,2142,2318.4,0.152720933067318,0,738591.714497733,139,1,0
127328.644080083,40,2042,2161.2,2395.4,0.201848237487096,0,738591.714498196,139,1,0
127328.684079149,40,2047.2,2185,2478.6,0.247943373130141,0,738591.714498658,139,1,0
127328.724078215,40,2052.2,2216.6,2564,0.302476476218372,0,738591.714499121,139,1,0
127328.764077282,40,2061,2239.2,2631.4,0.337970712706598,0,738591.714499584,139,1,0
127328.804076348,40,2070.8,2262.8,2663,0.363923734977373,0,738591.714500047,139,1,0
127328.844075415,40,2074,2263.4,2667.8,0.363923734977373,0,738591.71450051,139,1,0
127328.884074481,40,2074.4,2259.6,2640,0.348644610105061,0,738591.714500973,139,1,0
127328.924073547,40,2071,2255.4,2601,0.332441626603816,0,738591.714501436,139,1,0
127328.964072614,40,2069,2249,2574,0.314852433574075,0,738591.714501899,139,1,0
127329.00407168,40,2065.8,2244.6,2562,0.308716774565867,0,738591.714502362,139,1,0
127329.044070747,40,2069.2,2239.8,2555.6,0.302476476218372,0,738591.714502825,139,1,0
127329.084069813,40,2066.2,2232.4,2545,0.296150945871009,0,738591.714503288,139,1,0
127329.124068879,40,2067.4,2233.4,2541.6,0.296150945871009,0,738591.714503751,139,1,0
127329.164067946,40,2061,2223.6,2544.2,0.289712392214872,0,738591.714504214,139,1,0
127329.204067012,40,2055.6,2221.2,2544.8,0.289712392214872,0,738591.714504677,139,1,0
127329.244066079,40,2055.8,2219.4,2548.4,0.296150945871009,0,738591.71450514,139,1,0
127329.284065145,40,2053.2,2216,2544.4,0.289712392214872,0,738591.714505603,139,1,0
127329.324064211,40,2053.4,2210.2,2541,0.289712392214872,0,738591.714506066,139,1,0
127329.364063278,40,2056,2209.6,2536.6,0.283096794046065,0,738591.714506529,139,1,0
127329.404062344,40,2052.4,2202.2,2523.8,0.276319583868493,0,738591.714506992,139,1,0
127329.444061411,40,2051,2196.2,2517.8,0.269397995475526,0,738591.714507455,139,1,0
127329.484060477,40,2049,2199,2506.8,0.269397995475526,0,738591.714507918,139,1,0
127329.524059543,40,2052.2,2197.8,2490.6,0.255192037099933,0,738591.714508381,139,1,0
127329.56405861,40,2052.6,2194,2476.2,0.247943373130141,0,738591.714508843,139,1,0
127329.604057676,40,2052.8,2190,2457,0.240607502859899,0,738591.714509306,139,1,0
127329.644056743,40,2046.2,2193.4,2447.6,0.23311285385791,0,738591.714509769,139,1,0
127329.684055809,40,2048,2184.4,2434.8,0.22546602667987,0,738591.714510232,139,1,0
127329.724054875,40,2046,2182.2,2428.4,0.217690509735728,0,738591.714510695,139,1,0
127329.764053942,40,2052,2176.4,2421.8,0.217690509735728,0,738591.714511158,139,1,0
127329.804053008,40,2045.6,2178.8,2418.6,0.217690509735728,0,738591.714511621,139,1,0
127329.844052075,40,2043.6,2176,2411.4,0.209809976058716,0,738591.714512084,139,1,0
127329.884051141,40,2053.4,2172.6,2399.8,0.201848237487096,0,738591.714512547,139,1,0
127329.924050207,40,2043.2,2169.4,2394.2,0.201848237487096,0,738591.71451301,139,1,0
127329.964049274,40,2042.2,2166,2387.6,0.1938292059518,0,738591.714513473,139,1,0
127330.00404834,40,2040.6,2164.2,2377.2,0.1938292059518,0,738591.714513936,139,1,0
127330.044047407,40,2040,2157.8,2373.6,0.185776166274405,0,738591.714514399,139,1,0
127330.084046473,40,2039.2,2157.2,2369.6,0.185776166274405,0,738591.714514862,139,1,0
127330.124045539,40,2037.4,2160.4,2360.8,0.177645036196025,0,738591.714515325,139,1,0
127330.164044606,40,2039.4,2156.6,2353.6,0.177645036196025,0,738591.714515788,139,1,0
127330.204043672,40,2035.2,2149.8,2348.2,0.169411989717047,0,738591.714516251,139,1,0
127330.244042739,40,2036.6,2155,2336.6,0.169411989717047,0,738591.714516714,139,1,0
127330.284041805,40,2033.6,2145.8,2333,0.16109719849738,0,738591.714517177,139,1,0
127330.324040871,40,2036.2,2146.2,2323.2,0.16109719849738,0,738591.714517639,139,1,0
127330.364039938,40,2034.4,2142,2317.2,0.152720933067318,0,738591.714518102,139,1,0
127330.404039004,40,2038.4,2142.6,2310.2,0.152720933067318,0,738591.714518565,139,1,0
127330.444038071,40,2034.8,2138.6,2300.2,0.144303525703992,0,738591.714519028,139,1,0
127330.484037137,40,2031,2136.4,2294.4,0.135865336144291,0,738591.714519491,139,1,0
127330.524036203,40,2033,2134.8,2287.2,0.135865336144291,0,738591.714519954,139,1,0
127330.56403527,40,2031.8,2131.6,2282,0.135865336144291,0,738591.714520417,139,1,0
127330.604034336,40,2032.6,2133,2282.4,0.135865336144291,0,738591.71452088,139,1,0
127330.644033403,40,2028.6,2130.6,2282,0.135865336144291,0,738591.714521343,139,1,0
127330.684032469,40,2033,2133,2270.8,0.127426718795127,0,738591.714521806,139,1,0
127330.724031535,40,2032.2,2130.4,2272,0.127426718795127,0,738591.714522269,139,1,0
127330.764030602,40,2030.2,2130.8,2270.8,0.127426718795127,0,738591.714522732,139,1,0
127330.804029668,40,2030,2130,2270.4,0.127426718795127,0,738591.714523195,139,1,0
127330.844028735,40,2033.6,2128.2,2272.4,0.127426718795127,0,738591.714523658,139,1,0
127330.884027801,40,2027.8,2117.2,2271.6,0.127426718795127,0,738591.714524121,139,1,0
127330.924026867,40,2030.4,2124,2268.2,0.127426718795127,0,738591.714524584,139,1,0
127330.964025934,40,2027.4,2124.8,2264,0.118985230701839,0,738591.714525047,139,1,0
127331.004025,40,2029.8,2123,2264.6,0.118985230701839,0,738591.71452551,139,1,0
127331.044024067,40,2025,2118.4,2269.8,0.118985230701839,0,738591.714525973,139,1,0
127331.084023133,40,2028.4,2125,2282.2,0.127426718795127,0,738591.714526436,139,1,0
127331.124022199,40,2029,2123.6,2292,0.135865336144291,0,738591.714526899,139,1,0
127331.164021266,40,2030.2,2139,2317,0.152720933067318,0,738591.714527362,139,1,0
127331.204020332,40,2038.8,2145.8,2343.2,0.169411989717047,0,738591.714527824,139,1,0
127331.244019399,40,2038.2,2161.2,2397,0.201848237487096,0,738591.714528287,139,1,0
127331.284018465,40,2045.4,2185.4,2465.8,0.240607502859899,0,738591.71452875,139,1,0
127331.324017531,40,2054.2,2206.6,2549,0.289712392214872,0,738591.714529213,139,1,0
127331.364016598,40,2062.6,2241.8,2633.6,0.343346052247892,0,738591.714529676,139,1,0
127331.404015664,40,2069,2272.4,2690.6,0.377942585608142,0,738591.714530139,139,1,0
127331.444014731,40,2081,2293.2,2726.4,0.399336657389472,0,738591.714530602,139,1,0
127331.484013797,40,2086,2310,2733.2,0.407087796030633,0,738591.714531065,139,1,0
127331.524012863,40,2076.6,2302.8,2715.6,0.399336657389472,0,738591.714531528,139,1,0
127331.56401193,40,2084.4,2288.2,2679.2,0.377942585608142,0,738591.714531991,139,1,0
127331.604010996,40,2079,2280,2647,0.358950679005964,0,738591.714532454,139,1,0
127331.644010063,40,2074.4,2267.8,2619,0.343346052247892,0,738591.714532917,139,1,0
127331.684009129,40,2076,2263.6,2613,0.337970712706598,0,738591.71453338,139,1,0
127331.724008195,40,2076.6,2259,2595.6,0.326733506593257,0,738591.714533843,139,1,0
127331.764007262,40,2070.2,2256.4,2600,0.332441626603816,0,738591.714534306,139,1,0
127331.804006328,40,2071.6,2250.8,2595.2,0.326733506593257,0,738591.714534769,139,1,0
127331.844005395,40,2063.4,2242.2,2594.6,0.320864293004959,0,738591.714535232,139,1,0
127331.884004461,40,2066.2,2237.4,2588.2,0.320864293004959,0,738591.714535695,139,1,0
127331.924003527,40,2057.8,2232.2,2576.8,0.308716774565867,0,738591.714536158,139,1,0
127331.964002594,40,2065,2231,2561.2,0.302476476218372,0,738591.714536621,139,1,0
127332.00400166,40,2058.4,2221.8,2544.4,0.289712392214872,0,738591.714537084,139,1,0
127332.044000727,40,2058.6,2214,2535.6,0.283096794046065,0,738591.714537547,139,1,0
127332.083999793,40,2055.4,2211,2524,0.276319583868493,0,738591.714538009,139,1,0
127332.123998859,40,2053.6,2199.2,2501.6,0.262349558948715,0,738591.714538472,139,1,0
127332.163997926,40,2045.2,2187,2466,0.240607502859899,0,738591.714538935,139,1,0
127332.203996992,40,2043,2169,2405.6,0.209809976058716,0,738591.714539398,139,1,0
127332.243996059,40,2035.8,2146.6,2340.8,0.169411989717047,0,738591.714539861,139,1,0
127332.283995125,40,2028.4,2126,2271.6,0.127426718795127,0,738591.714540324,139,1,0
127332.323994191,40,2023.6,2110,2216.6,0.0934398179939822,0,738591.714540787,139,1,0
127332.363993258,40,2017.8,2098.6,2185.6,0.0763448726461629,0,738591.71454125,139,1,0
127332.403992324,40,2018.4,2097.4,2174,0.0678158892722246,0,738591.714541713,139,1,0
127332.443991391,40,2024,2107.4,2187.8,0.0763448726461629,0,738591.714542176,139,1,0
127332.483990457,40,2030,2114.4,2214.6,0.0934398179939822,0,738591.714542639,139,1,0
127332.523989523,40,2031.2,2124,2242,0.110499862942923,0,738591.714543102,139,1,0
127332.56398859,40,2038.8,2142.6,2288.6,0.135865336144291,0,738591.714543565,139,1,0
127332.603987656,40,2039.2,2154.6,2345.4,0.169411989717047,0,738591.714544028,139,1,0
127332.643986723,40,2046.4,2175.4,2407.8,0.209809976058716,0,738591.714544491,139,1,0
127332.683985789,40,2048.2,2198,2468.6,0.247943373130141,0,738591.714544954,139,1,0
127332.723984855,40,2058.2,2210.2,2514.8,0.276319583868493,0,738591.714545417,139,1,0
127332.763983922,40,2059.2,2223.4,2541.4,0.289712392214872,0,738591.71454588,139,1,0
127332.803982988,40,2060.2,2226.4,2543.4,0.289712392214872,0,738591.714546342,139,1,0
127332.843982055,40,2059.4,2215.6,2526.4,0.283096794046065,0,738591.714546805,139,1,0
127332.883981121,40,2054,2207.6,2503.2,0.269397995475526,0,738591.714547268,139,1,0
127332.923980187,40,2048.6,2203.2,2495.8,0.262349558948715,0,738591.714547731,139,1,0
127332.963979254,40,2057,2201.4,2486,0.255192037099933,0,738591.714548194,139,1,0
127333.00397832,40,2055.2,2198.2,2473.4,0.247943373130141,0,738591.714548657,139,1,0
127333.043977387,40,2054.2,2193,2469.8,0.247943373130141,0,738591.71454912,139,1,0
127333.083976453,40,2048.2,2191.2,2463.2,0.240607502859899,0,738591.714549583,139,1,0
127333.123975519,40,2047.4,2186.4,2457.2,0.240607502859899,0,738591.714550046,139,1,0
127333.163974586,40,2046.6,2182,2450.2,0.23311285385791,0,738591.714550509,139,1,0
127333.203973652,40,2047,2179.2,2452.8,0.23311285385791,0,738591.714550972,139,1,0
127333.243972719,40,2046.2,2181.2,2438.6,0.22546602667987,0,738591.714551435,139,1,0
127333.283971785,40,2043.2,2174.8,2428.8,0.217690509735728,0,738591.714551898,139,1,0
127333.323970851,40,2047.6,2173,2422.2,0.217690509735728,0,738591.714552361,139,1,0
127333.363969918,40,2046.6,2173,2410.2,0.209809976058716,0,738591.714552824,139,1,0
127333.403968984,40,2045.8,2164.6,2402.8,0.201848237487096,0,738591.714553287,139,1,0
127333.443968051,40,2044.2,2169.4,2392.8,0.201848237487096,0,738591.71455375,139,1,0
127333.483967117,40,2039.8,2164.8,2385,0.1938292059518,0,738591.714554213,139,1,0
127333.523966183,40,2041.6,2160.6,2378.8,0.1938292059518,0,738591.714554676,139,1,0
127333.56396525,40,2043,2161.8,2375.8,0.185776166274405,0,738591.714555139,139,1,0
127333.603964316,40,2041.2,2157.8,2369.4,0.185776166274405,0,738591.714555602,139,1,0
127333.643963383,40,2041.6,2155.6,2363.4,0.177645036196025,0,738591.714556065,139,1,0
127333.683962449,40,2037.2,2154,2356.4,0.177645036196025,0,738591.714556527,139,1,0
127333.723961515,40,2039.4,2155.4,2354.8,0.177645036196025,0,738591.71455699,139,1,0
127333.763960582,40,2042.4,2150,2344.6,0.169411989717047,0,738591.714557453,139,1,0
127333.803959648,40,2033.8,2150.6,2335.8,0.16109719849738,0,738591.714557916,139,1,0
127333.843958715,40,2038.4,2150.6,2332.4,0.16109719849738,0,738591.714558379,139,1,0
127333.883957781,40,2040.4,2144.2,2328.4,0.16109719849738,0,738591.714558842,139,1,0
127333.923956847,40,2037.2,2142.6,2322.2,0.152720933067318,0,738591.714559305,139,1,0
127333.963955914,40,2035.2,2142.2,2316.2,0.152720933067318,0,738591.714559768,139,1,0
127334.00395498,40,2034.6,2141.2,2308.8,0.152720933067318,0,738591.714560231,139,1,0
127334.043954047,40,2036.8,2138.6,2306.8,0.144303525703992,0,738591.714560694,139,1,0
127334.083953113,40,2034.4,2138,2296.6,0.144303525703992,0,738591.714561157,139,1,0
127334.123952179,40,2033.2,2134.4,2290.6,0.135865336144291,0,738591.71456162,139,1,0
127334.163951246,40,2029.8,2137.8,2293.4,0.135865336144291,0,738591.714562083,139,1,0
127334.203950312,40,2030,2132.4,2282,0.135865336144291,0,738591.714562546,139,1,0
127334.243949379,40,2032.4,2130.2,2277.4,0.127426718795127,0,738591.714563009,139,1,0
127334.283948445,40,2035.6,2130.6,2275.6,0.127426718795127,0,738591.714563472,139,1,0
127334.323947511,40,2032.4,2133.2,2272,0.127426718795127,0,738591.714563935,139,1,0
127334.363946578,40,2027.6,2127,2270.2,0.127426718795127,0,738591.714564398,139,1,0
127334.403945644,40,2028.2,2129.2,2266.2,0.118985230701839,0,738591.714564861,139,1,0
127334.443944711,40,2030.6,2129.4,2258.6,0.118985230701839,0,738591.714565324,139,1,0
127334.483943777,40,2031.4,2125.4,2254.6,0.118985230701839,0,738591.714565787,139,1,0
127334.523942843,40,2029.8,2126.6,2252.2,0.118985230701839,0,738591.71456625,139,1,0
127334.56394191,40,2030.2,2123.2,2246.2,0.110499862942923,0,738591.714566712,139,1,0
127334.603940976,40,2026.2,2123.8,2247.4,0.110499862942923,0,738591.714567175,139,1,0
127334.643940043,40,2029.6,2123.4,2247.4,0.110499862942923,0,738591.714567638,139,1,0
127334.683939109,40,2031,2124,2248.4,0.110499862942923,0,738591.714568101,139,1,0
127334.723938175,40,2027.2,2124.8,2252.2,0.110499862942923,0,738591.714568564,139,1,0
127334.763937242,40,2027,2127.4,2267,0.118985230701839,0,738591.714569027,139,1,0
127334.803936308,40,2033,2135.4,2280.8,0.135865336144291,0,738591.71456949,139,1,0
127334.843935375,40,2034.8,2136.4,2294.8,0.144303525703992,0,738591.714569953,139,1,0
127334.883934441,40,2037.8,2142.4,2301,0.144303525703992,0,738591.714570416,139,1,0
127334.923933507,40,2034.2,2143.4,2303.4,0.144303525703992,0,738591.714570879,139,1,0
127334.963932574,40,2035.4,2143.4,2302.4,0.144303525703992,0,738591.714571342,139,1,0
127335.00393164,40,2033,2143,2290.6,0.135865336144291,0,738591.714571805,139,1,0
127335.043930707,40,2034.4,2135.6,2287,0.135865336144291,0,738591.714572268,139,1,0
127335.083929773,40,2032.4,2132.8,2281,0.135865336144291,0,738591.714572731,139,1,0
127335.123928839,40,2030.2,2132.2,2277,0.127426718795127,0,738591.714573194,139,1,0
127335.163927906,40,2027.2,2128.6,2274,0.127426718795127,0,738591.714573657,139,1,0
127335.203926972,40,2031.6,2129.2,2264.2,0.118985230701839,0,738591.71457412,139,1,0
127335.243926039,40,2032,2124.2,2257,0.118985230701839,0,738591.714574583,139,1,0
127335.283925105,40,2027.6,2127.4,2255.2,0.118985230701839,0,738591.714575046,139,1,0
127335.323924171,40,2031,2126.4,2255.6,0.118985230701839,0,738591.714575508,139,1,0
127335.363923238,40,2031.4,2124.2,2260.8,0.118985230701839,0,738591.714575971,139,1,0
127335.403922304,40,2038.8,2135.6,2289,0.135865336144291,0,738591.714576434,139,1,0
127335.443921371,40,2040.2,2152,2335.6,0.169411989717047,0,738591.714576897,139,1,0
127335.483920437,40,2047.4,2179,2403.2,0.209809976058716,0,738591.71457736,139,1,0
127335.523919503,40,2060.6,2212.8,2485.8,0.262349558948715,0,738591.714577823,139,1,0
127335.56391857,40,2071,2248,2562.6,0.308716774565867,0,738591.714578286,139,1,0
127335.603917636,40,2082.2,2279.2,2615.4,0.343346052247892,0,738591.714578749,139,1,0
127335.643916703,40,2086,2288.2,2634.4,0.358950679005964,0,738591.714579212,139,1,0
127335.683915769,40,2074.2,2276.2,2644.8,0.358950679005964,0,738591.714579675,139,1,0
127335.723914835,40,2073.8,2268.8,2646.4,0.353851981337952,0,738591.714580138,139,1,0
127335.763913902,40,2072.6,2262.6,2644,0.353851981337952,0,738591.714580601,139,1,0
127335.803912968,40,2069.2,2250.8,2626.4,0.343346052247892,0,738591.714581064,139,1,0
127335.843912035,40,2059.8,2227.8,2568.4,0.308716774565867,0,738591.714581527,139,1,0
127335.883911101,40,2050.6,2197.8,2475.8,0.247943373130141,0,738591.71458199,139,1,0
127335.923910167,40,2039.4,2157.4,2364.4,0.185776166274405,0,738591.714582453,139,1,0
127335.963909234,40,2031.2,2129.2,2267,0.127426718795127,0,738591.714582916,139,1,0
127336.0039083,40,2020,2103,2183,0.0763448726461629,0,738591.714583379,139,1,0
127336.043907367,40,2017.4,2087.6,2132.8,0.0423378267548223,0,738591.714583842,139,1,0
127336.083906433,40,2011,2084,2118.2,0.0338584083790698,0,738591.714584305,139,1,0
127336.123905499,40,2019.6,2093,2157.2,0.0593137889402368,0,738591.714584768,139,1,0
127336.163904566,40,2026.4,2123.8,2235,0.10198051839832,0,738591.714585231,139,1,0
127336.203903632,40,2041.2,2161.8,2350.8,0.177645036196025,0,738591.714585693,139,1,0
127336.243902699,40,2055,2204,2462.2,0.247943373130141,0,738591.714586156,139,1,0
127336.283901765,40,2064.8,2241.4,2536.8,0.296150945871009,0,738591.714586619,139,1,0
127336.323900831,40,2068.2,2258.4,2587,0.320864293004959,0,738591.714587082,139,1,0
127336.363899898,40,2061.8,2249.4,2588.2,0.320864293004959,0,738591.714587545,139,1,0
127336.403898964,40,2058.6,2233.8,2574.6,0.308716774565867,0,738591.714588008,139,1,0
127336.443898031,40,2057.8,2209.4,2535.4,0.283096794046065,0,738591.714588471,139,1,0
127336.483897097,40,2046.8,2177.6,2452.8,0.23311285385791,0,738591.714588934,139,1,0
127336.523896163,40,2036.6,2144.2,2342.2,0.169411989717047,0,738591.714589397,139,1,0
127336.56389523,40,2019.6,2114.2,2238.6,0.10198051839832,0,738591.71458986,139,1,0
127336.603894296,40,2022.4,2094.8,2160.4,0.0593137889402368,0,738591.714590323,139,1,0
127336.643893363,40,2012.4,2079,2121,0.0338584083790698,0,738591.714590786,139,1,0
127336.683892429,40,2008.4,2072.2,2109.6,0.0253848212489384,0,738591.714591249,139,1,0
127336.723891495,40,2015.6,2084,2121.4,0.0338584083790698,0,738591.714591712,139,1,0
127336.763890562,40,2019.8,2095.6,2152.2,0.0508229838192285,0,738591.714592175,139,1,0
127336.803889628,40,2023.6,2105.8,2194.4,0.0763448726461629,0,738591.714592638,139,1,0
127336.843888695,40,2035,2131.8,2265.4,0.127426718795127,0,738591.714593101,139,1,0
127336.883887761,40,2037.2,2154.2,2353.8,0.177645036196025,0,738591.714593564,139,1,0
127336.923886827,40,2042.6,2181,2452,0.23311285385791,0,738591.714594027,139,1,0
127336.963885894,40,2046.4,2195.6,2518.2,0.269397995475526,0,738591.71459449,139,1,0
127337.00388496,40,2046.6,2192.2,2517,0.269397995475526,0,738591.714594953,139,1,0
